Workbook
Name a: #REF!
Name a: #REF!
Name a: #REF!
Name a: #REF!
Name a: #REF!
Name a: #REF!
Name a: #REF!
Name a: #REF!
Name a: #REF!
Name a: #REF!
Name a: #REF!
Name a: #REF!
Name a: #REF!
Name a: #REF!
Name a: #REF!
Name a: #REF!
Name a: #REF!
Name a: #REF!
Name a: #REF!
Name a: #REF!
Name a: #REF!
Name a: #REF!
Name a: #REF!
Name a: #REF!
Name a: #REF!
Name a: #REF!
Name a: #REF!
Name a: #REF!
Name a: #REF!
Name a: #REF!
Name a: #REF!
Name a: #REF!
Name a: #REF!
Name a: #REF!
Name a: #REF!
Name a: #REF!
Name a: #REF!
Name a: #REF!
Name a: #REF!
Name a: #REF!
Name a: #REF!
Name a: #REF!
Name a: #REF!
Name a: #REF!
Name a: #REF!
Name a: #REF!
Name a: #REF!
Name a: #REF!
Name a: #REF!
Name a: #REF!
Name a: #REF!
Name a: #REF!
Name a: #REF!
Name a: #REF!
Name a: #REF!
Name a: #REF!
Name a: #REF!
Name a: #REF!
Name a: #REF!
Name a: #REF!

Sheet 11.16
A1: Rotexmedica Lager
F2: Übertrag aus Vormonat:
F3: 0
A4: Datum | B4: Ein- lagerung | C4: Aus- lagerung | D4: Zu- / Abgang | F4: Lagerbestand ist | G4: Bewegung Einlagerung | H4: Bewegung Auslagerung | J4: Summe Bewegungen | K4: EB-Nummer(n)
F6: =SUM(D:D)+F3 -> 208 | G6: =SUM(B:B) -> 208 | H6: =SUM(C:C) -> 0 | J6: =SUM(G6:H6) -> 208
A7: 42682 | B7: 40 | D7: =B7-C7 -> 40 | K7: 469387, 471423, 471424, 471425, 471426, 471427, 471428, 469381, 469382, 469383, 469384, 469385, 469386, 471325, 471326, 471327, 471328, 471329, 471330, 471413, 471414, 471415, 471416, 471417, 471418, 471419, 471420, 471421, 471422, 468400, 468401, 468402, 468403, 469861, 469862, 469863, 469864, 469865, 469866, 469867
A8: 42683 | B8: 58 | D8: =B8-C8 -> 58 | K8: 411219, 467551, 467552, 467553, 467554, 456633, 456634, 467365, 467366, 467367, 467369, 468965, 468966, 468967, 468968, 469955, 469956, 469957, 469958, 469959, 469960, 469961, 469962, 469963, 469964, 469965, 469966, 469967, 469968, 469969, 469970, 469971, 469972, 416989, 435089, 435122, 448095, 449589, 449590, 449591, 449592, 449593, 449594, 449595, 449596, 449597, 449598, 466984, 466985, 466986, 363722, 363723, 363724, 363725, 363726, 363727, 636728, 363729
A9: 42684 | B9: 55 | D9: =B9-C9 -> 55 | K9: 373324, 373325, 373326, 418778, 418779, 422536, 428126, 428127, 428128, 428129, 428130, 415147, 415148, 415149, 415150, 469538, 469539, 469540, 469541, 469542, 469543, 416795, 418775, 418776, 418777, 469547, 469548, 469549, 411727, 472332, 472333, 472334, 472335, 472336, 472337, 472338, 472339, 469842, 469843, 469844, 469845, 469846, 469847, 469848, 469849, 469850, 404327, 443412, 443413, 443414, 443415, 402096, 415512, 415513, 415514
A10: 42689 | B10: 55 | D10: =B10-C10 -> 55 | K10: 439326, 458556, 467712, 467715, 467716, 462178, 439228, 448452, 468485, 466813, 431527, 463265, 463707, 463709, 463713, 426168, 431956, 448164, 453003, 441385, 461826, 461827, 460805, 431519, 426170, 441376, 417714, 470910, 470911, 470912, 470913, 470914, 470915, 470916, 444963, 400696, 400697, 416469, 407965, 472255, 472256, 472257, 472258, 472259, 417717, 417718, 417719, 402733, 415156, 472811, 472812, 472813, 472814, 472815, 472816
A11: 42689 | B11: 0 | C11: 0 | D11: =B11-C11 -> 0 | K11: 8 reservierte Plätze für ROTEXMEDICA: Regal C / Fach 4-5-6-7 C13,12,11,10 / C31 / C75,74,73
D12: =B12-C12 -> 0
D13: =B13-C13 -> 0
D14: =B14-C14 -> 0
D15: =B15-C15 -> 0
D16: =B16-C16 -> 0
D17: =B17-C17 -> 0
D18: =B18-C18 -> 0
D19: =B19-C19 -> 0
D20: =B20-C20 -> 0
D21: =B21-C21 -> 0
D22: =B22-C22 -> 0
D23: =B23-C23 -> 0
... D49: =B49-C49 -> 0

Sheet 12.16
A1: Rotexmedica Lager
F2: Übertrag aus Vormonat:
F3: ='11.16'!F6 -> 208
A4: Datum | B4: Ein- lagerung | C4: Aus- lagerung | D4: Zu- / Abgang | F4: Lagerbestand ist | G4: Bewegung Einlagerung | H4: Bewegung Auslagerung | J4: Summe Bewegungen | K4: EB-Nummer(n)
F6: =SUM(D:D)+F3 -> 196 | G6: =SUM(B:B) -> 0 | H6: =SUM(C:C) -> 12 | J6: =SUM(G6:H6) -> 12
A7: 42716 | B7: 0 | C7: 5 | D7: =B7-C7 -> -5 | K7: 472255, 472256, 472257, 472258, 472259
A8: 42732 | B8: 0 | C8: 7 | D8: =B8-C8 -> -7 | K8: 469381, 469382, 469383, 469384, 469385, 469386, 469387
D9: =B9-C9 -> 0
D10: =B10-C10 -> 0
D11: =B11-C11 -> 0
D12: =B12-C12 -> 0
D13: =B13-C13 -> 0
D14: =B14-C14 -> 0
D15: =B15-C15 -> 0
D16: =B16-C16 -> 0
D17: =B17-C17 -> 0
D18: =B18-C18 -> 0
D19: =B19-C19 -> 0
D20: =B20-C20 -> 0
... D44: =B44-C44 -> 0

Sheet 01.17
A1: Rotexmedica Lager
F2: Übertrag aus Vormonat:
F3: ='12.16'!F6 -> 196
A4: Datum | B4: Ein- lagerung | C4: Aus- lagerung | D4: Zu- / Abgang | F4: Lagerbestand ist | G4: Bewegung Einlagerung | H4: Bewegung Auslagerung | J4: Summe Bewegungen | K4: EB-Nummer(n)
L5: Traffic Bewegungen : Kontingent
F6: =SUM(D:D)+F3 -> 165 | G6: =SUM(B:B) -> 10 | H6: =SUM(C:C) -> 41 | J6: =SUM(G6:H6) -> 51 | L6: =J6/F6 -> 0.30909091
A7: 42739 | B7: 0 | C7: 8 | D7: =B7-C7 -> -8 | K7: 468965, 468966, 468967, 468968, 472332, 472333, 472335
A8: 42740 | B8: 0 | C8: 1 | D8: =B8-C8 -> -1 | K8: 448095
A9: 42748 | B9: 0 | C9: 3 | D9: =B9-C9 -> -3 | K9: 472337, 472338, 472339
A10: 42752 | B10: 0 | C10: 7 | D10: =B10-C10 -> -7 | K10: 472336, 471413, 471414, 471415, 471416, 471417, 471418
A11: 42761 | B11: 0 | C11: 4 | D11: =B11-C11 -> -4 | K11: 472811, 472812, 472813, 428126
A12: 42762 | B12: 10 | C12: 0 | D12: =B12-C12 -> 10 | K12: 476805, 476806, 476807, 476808, 476809, 476810, 476811, 476812, 476813, 476814
A13: 42766 | B13: 0 | C13: 18 | D13: =B13-C13 -> -18 | K13: 469955, 469956, 469957, 469958, 469959, 469960, 469961, 469962, 469963, 469964, 469965, 469966, 469967, 469968, 469969, 469970, 469971, 469972
D14: =B14-C14 -> 0
D15: =B15-C15 -> 0
D16: =B16-C16 -> 0
D17: =B17-C17 -> 0
D18: =B18-C18 -> 0
D19: =B19-C19 -> 0
D20: =B20-C20 -> 0
D21: =B21-C21 -> 0
D22: =B22-C22 -> 0
D23: =B23-C23 -> 0
D24: =B24-C24 -> 0
D25: =B25-C25 -> 0
... D44: =B44-C44 -> 0

Sheet 02.17
A1: Rotexmedica Lager
F2: Übertrag aus Vormonat:
F3: ='01.17'!F6 -> 165
A4: Datum | B4: Ein- lagerung | C4: Aus- lagerung | D4: Zu- / Abgang | F4: Lagerbestand ist | G4: Bewegung Einlagerung | H4: Bewegung Auslagerung | J4: Summe Bewegungen | K4: EB-Nummer(n)
L5: Traffic Bewegungen : Kontingent
F6: =SUM(D:D)+F3 -> 199 | G6: =SUM(B:B) -> 70 | H6: =SUM(C:C) -> 36 | J6: =SUM(G6:H6) -> 106 | L6: =J6/F6 -> 0.53266332
A7: 42767 | B7: 1 | C7: 0 | D7: =B7-C7 -> 1 | K7: Lösemittelentsorgungskanister | L7: Abgeholt und eingelagert nach Rg.Schluss am 31.01.17
A8: 42772 | B8: 16 | C8: 0 | D8: =B8-C8 -> 16 | K8: 477377, 477378, 477379, 477380, 477381, 477382, 477383, 477384, 477385, 477386, 477387, 477388, 477389, 477390, 477391, 477392
A9: 42774 | B9: 0 | C9: 7 | D9: =B9-C9 -> -7 | K9: 470910, 470911, 470912, 470913, 470914, 470915, 470916
A10: 42781 | B10: 1 | C10: 10 | D10: =B10-C10 -> -9 | K10: 471325, 471326, 471327, 471328, 471329, 471330, 418775, 418777, 441376, 466813 (davon nur ein Bulk = 1 Paket)
A11: 42782 | B11: 0 | C11: 9 | D11: =B11-C11 -> -9 | K11: 469482, 469843, 469844, 469845, 469846, 469847, 469848, 469849, 469850 | L11: 469482 wurde telef. nachgefordert und mit der 2. Tour geliefert!
A12: 42782 | B12: 13 | C12: 0 | D12: =B12-C12 -> 13 | K12: 477554, 477555, 477556, 477557, 477558, 477562, 477563, 477564,477565, 477566, 477567, 477568, 477569
A13: 42788 | B13: 17 | C13: 0 | D13: =B13-C13 -> 17 | K13: 450797, 450798, 450800, 457463, 457464, 457465, 468395, 468396, 468397, 468398, 468399, 472412, 472413, 476270, 476271, 476272, 474889
A14: 42793 | B14: 0 | C14: 10 | D14: =B14-C14 -> -10 | K14: 476805, 476806, 476807, 476808, 476809, 476810, 476811, 476812, 476813, 476814 | L14: Abruf telefonisch Thomas Zeh
A15: 42793 | B15: 22 | C15: 0 | D15: =B15-C15 -> 22 | K15: 478662, 478663, 478664, 478665, 478666, 478667, 478668, 478669, 478670, 478671, 478672, 478673, 478674, 478675, 478676, 478677, 478678, 478679, 478680, 478681, 478682, 478683
D16: =B16-C16 -> 0
D17: =B17-C17 -> 0
D18: =B18-C18 -> 0
D19: =B19-C19 -> 0
D20: =B20-C20 -> 0
D21: =B21-C21 -> 0
D22: =B22-C22 -> 0
D23: =B23-C23 -> 0
D24: =B24-C24 -> 0
D25: =B25-C25 -> 0
D26: =B26-C26 -> 0
D27: =B27-C27 -> 0
... D44: =B44-C44 -> 0

Sheet 03.17
A1: Rotexmedica Lager | J1: Kontingent: | K1: 252
F2: Übertrag aus Vormonat: | J2: Verfügbar: | K2: =K1-F6 -> 27
F3: ='02.17'!F6 -> 199
A4: Datum | B4: Ein- lagerung | C4: Aus- lagerung | D4: Zu- / Abgang | F4: Lagerbestand ist | G4: Bewegung Einlagerung | H4: Bewegung Auslagerung | J4: Summe Bewegungen | K4: EB-Nummer(n)
L5: Traffic Bewegungen : Kontingent
F6: =SUM(D:D)+F3 -> 225 | G6: =SUM(B:B) -> 58 | H6: =SUM(C:C) -> 32 | J6: =SUM(G6:H6) -> 90 | L6: =J6/K1 -> 0.35714286
A7: 42796 | B7: 0 | C7: 3 | D7: =B7-C7 -> -3 | K7: 471419, 471420, 471421
A8: 42802 | B8: 27 | C8: 0 | D8: =B8-C8 -> 27 | K8: 457925 (+457696+457970+457971+457972+457973=Stapel1) 457974 (+457976+457977+457978+457980+457981=Stapel2) 457982 (+457983+457984+457985+457986+457987=Stapel3) 479307, 479308, 479309, 479810, 399339, 448256, 462771, 462772, 462773VS, 477039, 456180, 439506, 465539VS, 471862, 471863, 471867, 471868, 471869, 471870, 459742, 459743VS, 459744, 447579, 448261 | L8: Lager-Erweiterung ab heute auf 252 Plätze
A9: 42811 | B9: 0 | C9: 24 | D9: =B9-C9 -> -24 | K9: 363723, 363724, 415514, 471422, 471423, 471424, 471425, 471426, 477562, 477563 477564, 428127, 428128, 477377, 477378, 477379, 477380, 477381, 477382, 472814 472815, 472816 Bitte einen vollen Karton von der EB 399339. und eb0Lösemittelentsorgungskanister mit den leeren Kanistern.
A10: 42811 | B10: 1 | C10: 0 | D10: =B10-C10 -> 1 | K10: 399339 (Rest:3 Krt)
A11: 42811 | B11: 0 | C11: 1 | D11: =B11-C11 -> -1 | K11: 463707
A12: 42811 | B12: 0 | C12: 1 | D12: =B12-C12 -> -1 | K12: 458556
A13: 42811 | B13: 30 | C13: 0 | D13: =B13-C13 -> 30 | K13: 445232, 416424, 420039, 421352, 475878, 373322, 373323, 452407, 460962, 476707, 476708, 476709, 476710, 476711, 469090, 468041, 469535, 469536, 469537, 449741, 468242, 469969, 469970, 469971, 469972, 472044, 472045, 437052, 447694, 479221
A14: 42822 | B14: 0 | C14: 3 | D14: =B14-C14 -> -3 | K14: 467712, 467715, 467716, Fahrkorb
D15: =B15-C15 -> 0
D16: =B16-C16 -> 0
D17: =B17-C17 -> 0
D18: =B18-C18 -> 0
D19: =B19-C19 -> 0
D20: =B20-C20 -> 0
D21: =B21-C21 -> 0
D22: =B22-C22 -> 0
D23: =B23-C23 -> 0
D24: =B24-C24 -> 0
D25: =B25-C25 -> 0
D26: =B26-C26 -> 0
... D44: =B44-C44 -> 0

Sheet 04.17
A1: Rotexmedica Lager | J1: Kontingent: | K1: 252
F2: Übertrag aus Vormonat: | J2: Verfügbar: | K2: =K1-F6 -> 19
F3: ='03.17'!F6 -> 225
A4: Datum | B4: Ein- lagerung | C4: Aus- lagerung | D4: Zu- / Abgang | F4: Lagerbestand ist | G4: Bewegung Einlagerung | H4: Bewegung Auslagerung | J4: Summe Bewegungen | K4: EB-Nummer(n)
L5: Traffic Bewegungen : Kontingent
F6: =SUM(D:D)+F3 -> 233 | G6: =SUM(B:B) -> 42 | H6: =SUM(C:C) -> 34 | J6: =SUM(G6:H6) -> 76 | L6: =J6/K1 -> 0.3015873
A7: 42828 | B7: 4 | C7: 0 | D7: =B7-C7 -> 4 | K7: 415514, 363724, 363723, Arbeitskorb
A8: 42835 | B8: 0 | C8: 11 | D8: =B8-C8 -> -11 | K8: 441385, 462178, 471427, 471428, 478662, 478663, 478664, 469969, 469970, 469971, 469972
A9: 42835 | B9: 28 | C9: 0 | D9: =B9-C9 -> 28 | K9: 481583, 481584, 481585, 481586, 481587, 481588, 481589, 481590, 481591, 481592, 481593, 481594, 481595, 481596, 481597, 481598, 481599, 481600, 481601, 481602, 481603, 481604, 481605, 481606, 481607, 481608, 481609, 481610 | L9: Direkt-Anlieferung i.A. Rotex per Container. Papiere wurden bei Rotex gemacht.
A10: 42846 | B10: 0 | C10: 10 | D10: =B10-C10 -> -10 | K10: 477383, 477384, 477385, 477386, 477387, 477388, 477389, 477390, 477391, 477392
A11: 42846 | B11: 0 | C11: 1 | D11: =B11-C11 -> -1 | K11: 411219
A12: 42851 | B12: 0 | C12: 12 | D12: =B12-C12 -> -12 | K12: 478665, 478666, 478667, 478668, 471862, 471863, 477565, 477566, 472044, 472045, 456633, 456634
A13: 42851 | B13: 10 | C13: 0 | D13: =B13-C13 -> 10 | K13: 482500, 482501, 482502, 482503, 482504, 482505, 482506, 482507, 482508, 482509
D14: =B14-C14 -> 0
D15: =B15-C15 -> 0
D16: =B16-C16 -> 0
D17: =B17-C17 -> 0
D18: =B18-C18 -> 0
D19: =B19-C19 -> 0
D20: =B20-C20 -> 0
D21: =B21-C21 -> 0
D22: =B22-C22 -> 0
D23: =B23-C23 -> 0
D24: =B24-C24 -> 0
D25: =B25-C25 -> 0
... D44: =B44-C44 -> 0

Sheet 05.17
A1: Rotexmedica Lager | J1: Kontingent: | K1: 252
F2: Übertrag aus Vormonat: | J2: Verfügbar: | K2: =K1-F6 -> 71
F3: ='04.17'!F6 -> 233
A4: Datum | B4: Ein- lagerung | C4: Aus- lagerung | D4: Zu- / Abgang | F4: Lagerbestand ist | G4: Bewegung Einlagerung | H4: Bewegung Auslagerung | J4: Summe Bewegungen | K4: EB-Nummer(n)
L5: Traffic Bewegungen : Kontingent
F6: =SUM(D:D)+F3 -> 181 | G6: =SUM(B:B) -> 48 | H6: =SUM(C:C) -> 100 | J6: =SUM(G6:H6) -> 148 | L6: =J6/K1 -> 0.58730159
A7: 42857 | B7: 0 | C7: 6 | D7: =B7-C7 -> -6 | K7: 468041, 469090, 477567, 477568, 477569, 469535
A8: 42857 | B8: 8 | C8: 0 | D8: =B8-C8 -> 8 | K8: 482761, 482762, 482763, 482764, 482765, 482766, 482767, 482768
A9: 42858 | B9: 0 | C9: 13 | D9: =B9-C9 -> -13 | K9: 417717, 417718, 417719, 402733, 416469, 415147, 415148, 415149, 415150, 400696, 400697, 407965, 417714 | L9: Umfuhr Vernichtung
A10: 42858 | B10: 0 | C10: 26 | D10: =B10-C10 -> -26 | K10: 476707, 476708, 476709, 476710, 476711, 447964, 479221, 445232, 452407, 460962, 468395, 468396, 468397, 468398, 468399, 468400, 468401, 468402, 468403, 469861, 469862, 469863, 469864, 469865, 469866, 469867
A11: 42863 | B11: 24 | C11: 0 | D11: =B11-C11 -> 24 | K11: 481813, 481814, 481815, 481816, 481817, 481818, 481819, 481820, 481713, 481714, 481715, 481716, 481717, 481718, 481719, 481720, 481721, 481722, 481723, 481724, 481725, 481726, 481727, 481728
A12: 42864 | B12: 0 | C12: 14 | D12: =B12-C12 -> -14 | K12: 468485, 472412, 472413, 466813, 482500, 482501, 482502 , 482503, 482504, 482505, 482506, 482507, 482508, 482509
A13: 42864 | B13: 16 | C13: 0 | D13: =B13-C13 -> 16 | K13: 480035, 480036, 480037, 480038, 480039, 479184, 479185, 480453, 480344, 480345, 457992, 471670, 475830, 479876, 480277, 470113
A14: 42872 | B14: 0 | C14: 19 | D14: =B14-C14 -> -19 | K14: 481721, 481722, 481723, 481724, 481725, 481726, 481727, 481728, 478669, 478670, 478671, 478672, 478673, 478674, 482761, 482762, 477554, 448452, 447579
A15: 42884 | B15: 0 | C15: 4 | D15: =B15-C15 -> -4 | K15: 465539, 469547, 469548, 469549
A16: 42885 | B16: 0 | C16: 18 | D16: =B16-C16 -> -18 | K16: 481593, 481594, 481595, 481596, 481597, 481598, 481599, 481600, 481601, 481602, 481603, 481604, 481605, 481606, 481607, 481608, 481609, 481610
D17: =B17-C17 -> 0
D18: =B18-C18 -> 0
D19: =B19-C19 -> 0
D20: =B20-C20 -> 0
D21: =B21-C21 -> 0
D22: =B22-C22 -> 0
D23: =B23-C23 -> 0
D24: =B24-C24 -> 0
D25: =B25-C25 -> 0
D26: =B26-C26 -> 0
D27: =B27-C27 -> 0
D28: =B28-C28 -> 0
... D44: =B44-C44 -> 0

Sheet 06.17
A1: Rotexmedica Lager | J1: Kontingent: | K1: 252
F2: Übertrag aus Vormonat: | J2: Verfügbar: | K2: =K1-F6 -> 9
F3: ='05.17'!F6 -> 181
A4: Datum | B4: Ein- lagerung | C4: Aus- lagerung | D4: Zu- / Abgang | F4: Lagerbestand ist | G4: Bewegung Einlagerung | H4: Bewegung Auslagerung | J4: Summe Bewegungen | K4: EB-Nummer(n)
L5: Traffic Bewegungen : Kontingent
F6: =SUM(D:D)+F3 -> 243 | G6: =SUM(B:B) -> 86 | H6: =SUM(C:C) -> 24 | J6: =SUM(G6:H6) -> 110 | L6: =J6/K1 -> 0.43650794
A7: 42887 | B7: 0 | C7: 1 | D7: =B7-C7 -> -1 | K7: eb0 Arbeitskorb
A8: 42894 | B8: 1 | C8: 1 | D8: =B8-C8 -> 0 | K8: eb0 Arbeitskorb abgeholt für Datalogger, danach direkt wieder zurück
A9: 42907 | B9: 0 | C9: 17 | D9: =B9-C9 -> -17 | K9: 481713, 481714, 481715, 481716, 480035, 480036, 480277, 418778, 418779, 478675, 478676, 478677, 478678, 482763, 482764, 482765, 477555
A10: 42907 | B10: 35 | C10: 0 | D10: =B10-C10 -> 35 | K10: 485323, 485324, 485325, 485326, 485327, 485328, 485329, 485330, 485331, 483870, 483871, 483872, 483865, 483866, 483867, 483868, 483869, GrKis1, GrKis3, GrKis3, 485309, 485310, 485311, 485312, 485313, 485314, 469547, 469548, 469549, 485566, 485567, 485568, 485569, 485570, ArbKor
A11: 42913 | B11: 0 | C11: 4 | D11: =B11-C11 -> -4 | K11: 481583, 481584, 481585, 481586
A12: 42914 | B12: 0 | C12: 1 | D12: =B12-C12 -> -1 | K12: 470113
A13: 42914 | B13: 28 | C13: 0 | D13: =B13-C13 -> 28 | K13: 486242, 486243, 486244, 486245, 486246, 486247, 486248, 486249, 486250, 486251, 486252, 486253, 486254, 486255, 486256, 486257, 486258, 486259, 486260, 486261, 486262, 486263, 486270, 486271, 486272, 486273, 486274, 486275
A14: 42914 | B14: 22 | C14: 0 | D14: =B14-C14 -> 22 | K14: 486283, 486284, 486285, 486286, 486287, 486288, 486289, 486290, 486291, 486292, 486293, 486294, 486295, 486296, 486297, 486298, 486299, 486300, 486301, 486302, 486303, 486304
D15: =B15-C15 -> 0
D16: =B16-C16 -> 0
D17: =B17-C17 -> 0
D18: =B18-C18 -> 0
D19: =B19-C19 -> 0
D20: =B20-C20 -> 0
D21: =B21-C21 -> 0
D22: =B22-C22 -> 0
D23: =B23-C23 -> 0
D24: =B24-C24 -> 0
D25: =B25-C25 -> 0
D26: =B26-C26 -> 0
... D44: =B44-C44 -> 0

Sheet 07.17
A1: Rotexmedica Lager | J1: Kontingent: | K1: 252
F2: Übertrag aus Vormonat: | J2: Verfügbar: | K2: =K1-F6 -> 9
F3: ='06.17'!F6 -> 243
A4: Datum | B4: Ein- lagerung | C4: Aus- lagerung | D4: Zu- / Abgang | F4: Lagerbestand ist | G4: Bewegung Einlagerung | H4: Bewegung Auslagerung | J4: Summe Bewegungen | K4: EB-Nummer(n)
L5: Traffic Bewegungen : Kontingent
F6: =SUM(D:D)+F3 -> 243 | G6: =SUM(B:B) -> 1 | H6: =SUM(C:C) -> 1 | J6: =SUM(G6:H6) -> 2 | L6: =J6/K1 -> 0.0079365079
A7: 42919 | B7: 1 | C7: 1 | D7: =B7-C7 -> 0 | K7: 363722 Teilentnahme
D8: =B8-C8 -> 0
D9: =B9-C9 -> 0
D10: =B10-C10 -> 0
D11: =B11-C11 -> 0
D12: =B12-C12 -> 0
D13: =B13-C13 -> 0
D14: =B14-C14 -> 0
D15: =B15-C15 -> 0
D16: =B16-C16 -> 0
D17: =B17-C17 -> 0
D18: =B18-C18 -> 0
D19: =B19-C19 -> 0
... D44: =B44-C44 -> 0

Sheet 08.17
A1: Rotexmedica Lager | J1: Kontingent: | K1: 252
F2: Übertrag aus Vormonat: | J2: Verfügbar: | K2: =K1-F6 -> 11
F3: ='07.17'!F3 -> 243
A4: Datum | B4: Ein- lagerung | C4: Aus- lagerung | D4: Zu- / Abgang | F4: Lagerbestand ist | G4: Bewegung Einlagerung | H4: Bewegung Auslagerung | J4: Summe Bewegungen | K4: EB-Nummer(n)
L5: Traffic Bewegungen : Kontingent
F6: =SUM(D:D)+F3 -> 241 | G6: =SUM(B:B) -> 41 | H6: =SUM(C:C) -> 43 | J6: =SUM(G6:H6) -> 84 | L6: =J6/K1 -> 0.33333333
A7: 42956 | B7: 1 | C7: 1 | D7: =B7-C7 -> 0 | K7: 431519 Teilentnahme (26 Kartons)
A8: 42956 | B8: 0 | C8: 1 | D8: =B8-C8 -> -1 | K8: 439228
A9: 42962 | B9: 0 | C9: 2 | D9: =B9-C9 -> -2 | K9: 475830, 479876
A10: 42965 | B10: 0 | C10: 32 | D10: =B10-C10 -> -32 | K10: 457925 (+457696+457970+457971+457972+457973=Stapel1) 457974 (+457976+457977+457978+457980+457981=Stapel2) 457982 (+457983+457984+457985+457986+457987=Stapel3) 479184, 479185, 459742, 478679, 478680, 478681, 478682, 482766, 482767, 482768, 485323, 477556, 477557, 477558, 404327, 443412, 443413, 443414, 443415, 449589, 449590, 449591, 449592, 449593, 467365, 467366, 485566, 485567, 485568
A11: 42965 | B11: 40 | C11: 0 | D11: =B11-C11 -> 40 | K11: 488594, 488595, 488596, 488603, 488604, 488605, 488606, 488607, 488608, 488609, 488610, 488611, 488612, 488597, 488598, 488621, 488622, 488623, 488624, 488625, 488626, 487804, 487805, 487806, 487807, 487808, 487758, 487759, 487760, 487761, 487672, 488655, 488656, 488657, 488658, 488659, 488660, 488661, 488662, 488278
A12: 42971 | B12: 0 | C12: 1 | D12: =B12-C12 -> -1 | K12: 475878
A13: 42976 | B13: 0 | C13: 6 | D13: =B13-C13 -> -6 | K13: 481587, 481588, 481589, 481590, 481591, 481592
D14: =B14-C14 -> 0
D15: =B15-C15 -> 0
D16: =B16-C16 -> 0
D17: =B17-C17 -> 0
D18: =B18-C18 -> 0
D19: =B19-C19 -> 0
D20: =B20-C20 -> 0
D21: =B21-C21 -> 0
D22: =B22-C22 -> 0
D23: =B23-C23 -> 0
D24: =B24-C24 -> 0
D25: =B25-C25 -> 0
... D44: =B44-C44 -> 0

Sheet 09.17
A1: Rotexmedica Lager | J1: Kontingent: | K1: =252+12 -> 264
F2: Übertrag aus Vormonat: | J2: Verfügbar: | K2: =K1-F6 -> 16
F3: ='08.17'!F6 -> 241
A4: Datum | B4: Ein- lagerung | C4: Aus- lagerung | D4: Zu- / Abgang | F4: Lagerbestand ist | G4: Bewegung Einlagerung | H4: Bewegung Auslagerung | J4: Summe Bewegungen | K4: EB-Nummer(n)
L5: Traffic Bewegungen : Kontingent
F6: =SUM(D:D)+F3 -> 248 | G6: =SUM(B:B) -> 66 | H6: =SUM(C:C) -> 59 | J6: =SUM(G6:H6) -> 125 | L6: =J6/K1 -> 0.47348485
A7: 42982 | B7: 0 | C7: 1 | D7: =B7-C7 -> -1 | K7: 428130
A8: 42990 | B8: 0 | C8: 3 | D8: =B8-C8 -> -3 | K8: 480038, 480039, 437052
A9: 42996 | B9: 0 | C9: 11 | D9: =B9-C9 -> -11 | K9: 480037, 488621, 488622, 488623, 488624, 488625, 488626, 488278, 488594, 488595, 488596
A10: 42996 | B10: 18 | C10: 0 | D10: =B10-C10 -> 18 | K10: 490232, 490233, 490234, 490235, 490236, 490237, 490238, 490239, 490240, 490249, 490250, 490251, 490252, 490253, 490254, 490255, 490256, 490257
A11: 42997 | B11: 13 | C11: 0 | D11: =B11-C11 -> 13 | K11: 490336, 490337, 490338, 490339, 490340, 490341, 490342, 490343, 490344, 490345, 490346, 490347, 490348 | L11: Lager-Erweiterung ab heute auf 264 Plätze
A12: 43005 | B12: 0 | C12: 43 | D12: =B12-C12 -> -43 | K12: 481717, 481718, 481719, 481720, 481813, 486242, 486243, 486244, 486245, 486246, 486247, 486248, 486249, 486250, 486251, 487804, 487805, 487806, 487807, 487808, 480453, 478683, 486283, 486284, 486285, 486286, 486287, 471867, 485324, 485325, 485326, 485327, 486270, 486271, 488597, 488598, 485569, 485570, 480344, 480345, 483865, 483866, 483867
A13: 43006 | B13: 35 | C13: 0 | D13: =B13-C13 -> 35 | K13: 489891, 489892, 489893, 482253, 490244, 490245, 490246, 490247, 440879, 440881, 485515, 489572, 489580, 489581, 489584, 489585, 489589, 489591, 489596, 490064, 490065, 490066, 490067, 490068, 490069, 490072, 490074, 490075, 490076, 490077, 490080, 490081, 490082, 490083, 490302
A14: 43006 | B14: 0 | C14: 1 | D14: =B14-C14 -> -1 | K14: eb0ArbKor
D15: =B15-C15 -> 0
D16: =B16-C16 -> 0
D17: =B17-C17 -> 0
D18: =B18-C18 -> 0
D19: =B19-C19 -> 0
D20: =B20-C20 -> 0
D21: =B21-C21 -> 0
D22: =B22-C22 -> 0
D23: =B23-C23 -> 0
D24: =B24-C24 -> 0
D25: =B25-C25 -> 0
D26: =B26-C26 -> 0
... D44: =B44-C44 -> 0

Sheet 10.17
A1: Rotexmedica Lager | J1: Kontingent: | K1: =264+12 -> 276
F2: Übertrag aus Vormonat: | J2: Verfügbar: | K2: =K1-F6 -> 23
F3: ='09.17'!F6 -> 248
A4: Datum | B4: Ein- lagerung | C4: Aus- lagerung | D4: Zu- / Abgang | F4: Lagerbestand ist | G4: Bewegung Einlagerung | H4: Bewegung Auslagerung | J4: Summe Bewegungen | K4: EB-Nummer(n)
L5: Traffic Bewegungen : Kontingent
F6: =SUM(D:D)+F3 -> 253 | G6: =SUM(B:B) -> 38 | H6: =SUM(C:C) -> 33 | J6: =SUM(G6:H6) -> 71 | L6: =J6/K1 -> 0.25724638
A7: 43012 | B7: 1 | C7: 0 | D7: =B7-C7 -> 1 | K7: eb0ArbKor
A8: 43018 | B8: 0 | C8: 1 | D8: =B8-C8 -> -1 | K8: 490336 | L8: Lager-Erweiterung ab heute auf 276 Plätze
A9: 43018 | B9: 22 | C9: 0 | D9: =B9-C9 -> 22 | K9: 491572, 491573, 491574, 491575, 491576, 491577, 491578, 491579, 491580, 491581, 491582, 491583, 491497, 491498, 491499, 491500, 491501, 491502, 491503, 491504, 491505, 491506
A10: 43024 | B10: 0 | C10: 5 | D10: =B10-C10 -> -5 | K10: 485515, 489572, 486288, 486289, 486290
A11: 43024 | B11: 7 | C11: 0 | D11: =B11-C11 -> 7 | K11: 491997, 491998, 491999, 492000, 492001, 492002, 492003
A12: 43032 | B12: 0 | C12: 27 | D12: =B12-C12 -> -27 | K12: 488603, 488604, 488605, 488606, 488607, 488608, 485309, 485310, 483869, 483870, 483871 ,490232, 490233, 490234, 490235, 490236, 490249, 490250, 490251, 490252, 490253, 490244, 490245, 490246, 490247, 489580, 489581
A13: 43032 | B13: 8 | C13: 0 | D13: =B13-C13 -> 8 | K13: 492519, 492520, 492521, 492522, 492523, 492524, 492525, 492526
D14: =B14-C14 -> 0
D15: =B15-C15 -> 0
D16: =B16-C16 -> 0
D17: =B17-C17 -> 0
D18: =B18-C18 -> 0
D19: =B19-C19 -> 0
D20: =B20-C20 -> 0
D21: =B21-C21 -> 0
D22: =B22-C22 -> 0
D23: =B23-C23 -> 0
D24: =B24-C24 -> 0
D25: =B25-C25 -> 0
... D44: =B44-C44 -> 0

Sheet 11.17
A1: Rotexmedica Lager | J1: Kontingent: | K1: =288+132 -> 420
F2: Übertrag aus Vormonat: | J2: Verfügbar: | K2: =K1-F6 -> 63
F3: ='10.17'!F6 -> 253
A4: Datum | B4: Ein- lagerung | C4: Aus- lagerung | D4: Zu- / Abgang | E4: Extra Handling | F4: Lagerbestand ist | G4: Bewegung Einlagerung | H4: Bewegung Auslagerung | J4: Summe Bewegungen | K4: EB-Nummer(n)
L5: Traffic Bewegungen : Kontingent
F6: =SUM(D:D)+F3 -> 357 | G6: =SUM(B:B) -> 163 | H6: =SUM(C:C) -> 59 | J6: =SUM(G6:H6)+SUM(E:E) -> 240 | L6: =J6/K1 -> 0.57142857
A7: 43046 | B7: 0 | C7: 12 | D7: =B7-C7 -> -12 | K7: 490337 bis 490348 = 12 Pal. Auslagern, jeweils 62 Vials entnehmen, in Karton packen, beschriften, auf EWP verpacken
A8: 43047 | B8: 12 | C8: 0 | D8: =B8-C8 -> 12 | K8: 490337 bis 490348 = 12 Pal. Einlagern
A9: 43047 | B9: 0 | C9: 1 | D9: =B9-C9 -> -1 | K9: eb0ArbKor
A10: 43048 | B10: 26 | C10: 0 | D10: =B10-C10 -> 26 | K10: 493451, 493452, 493453, 493454, 493455, 493456, 493457, 493458, 493459, 493460, 493461, 493462, 493463, 493464, 493465, 493466, 493467, 493468, 493469, 493470, 493471, 493472, 493473, 493474, 493475, 496476 | L10: Lager-Erweiterung ab heute auf 288 Plätze
A11: 43052 | B11: 27 | C11: 0 | D11: =B11-C11 -> 27 | K11: 493719, 493420, 493721, 493722, 493723, 493724, 493725, 493726, 493727, 493728, 493729, 493730, 493731, 493732, 493733, 493734, 493735, 493736, 493737, 493738, 493739, 493740, 493741, 493742, 493743, 493744, ArbKor | L11: Lager-Erweiterung ab heute (13.11.2017) um 132 auf 420 Plätze (siehe email, Ronny Wulff) es fehlen: 493743 + 473744, dafür 493722 dreimal vorhanden (13.11.17) -- wurde am 14.11.17 korrigiert! MK
A12: 43053 | B12: 9 | C12: 0 | D12: =B12-C12 -> 9 | K12: 493870, 493872, 493873, 493874, 493875, 493876, 493877, 493878, 493879
A13: 43054 | B13: 16 | C13: 0 | D13: =B13-C13 -> 16 | K13: 493957, 493958, 493959, 493960, 493961, 493962, 493963, 493964, 493965, 493966, 493967, 493968, 493969, 493970, 493971, 493972
A14: 43055 | B14: 0 | C14: 4 | D14: =B14-C14 -> -4 | K14: 490254, 490255, 490256, 490257
A15: 43056 | B15: 10 | C15: 0 | D15: =B15-C15 -> 10 | K15: 494074, 494075, 494076, 494077, 494078, 494079, 494080, 494081, 492471, 492472
A16: 43059 | B16: 0 | C16: 4 | D16: =B16-C16 -> -4 | K16: 486272, 486273, 486274, 486275
A17: 43061 | B17: 0 | C17: 3 | D17: =B17-C17 -> -3 | K17: 489891, 489892, 489893
A18: 43061 | B18: 19 | C18: 0 | D18: =B18-C18 -> 19 | K18: 000001, 000002, 000003, 000004, 000005, 000006, 000007, 000008, 000009, 000010, 000011, 000012, 000013, 000014, 000015, 000016, 000017, 494410, 494411
A19: 43061 | B19: 14 | C19: 0 | D19: =B19-C19 -> 14 | K19: 494444, 494445, 494446, 494447, 494448, 494449, 494450, 494451, 494452, 494453, 494454, 494455, 494456, 494457
A20: 43063 | B20: 0 | C20: 13 | D20: =B20-C20 -> -13 | K20: 493451, 493452, 493453, 493454, 493455, 493957, 493958, 493959, 493960, 493961, 493962, 493963, 493694
A21: 43066 | B21: 0 | C21: 0 | D21: =B21-C21 -> 0 | E21: 18 | K21: Handling Zwischenlager Block - Paletten labeln | L21: 35x Doppelpaletten eb0 (Fremdanlieferung) wird gedoppelt Eingelagert = 18 Pal.
A22: 43066 | B22: 0 | C22: 21 | D22: =B22-C22 -> -21 | K22: 449594, 449595, 449596, 449597, 449598, 459743, 459744, 486291, 486292, 486293, 486294, 489584, 489585, 489589, 489591, 491497, 491498, 491499, 492519, 492520, 492521
A23: 43067 | B23: 0 | C23: 1 | D23: =B23-C23 -> -1 | K23: 479307
A24: 43068 | B24: 12 | C24: 0 | D24: =B24-C24 -> 12 | K24: 494810, 494811, 494812, 494813, 494814, 494815, 494816, 494817, 000018A, 000018B, 000019A, 000019B
A25: 43068 | B25: 18 | C25: 0 | D25: =B25-C25 -> 18 | K25: 494736, 494947, 494948, 494949, 494950, 494951, 494952, 494953, 494954, 494955, 494956, 494957, 494958, 494959, 494960, 494961, 494962, 494963
D26: =B26-C26 -> 0
D27: =B27-C27 -> 0
D28: =B28-C28 -> 0
D29: =B29-C29 -> 0
D30: =B30-C30 -> 0
D31: =B31-C31 -> 0
D32: =B32-C32 -> 0
D33: =B33-C33 -> 0
D34: =B34-C34 -> 0
D35: =B35-C35 -> 0
D36: =B36-C36 -> 0
D37: =B37-C37 -> 0
... D44: =B44-C44 -> 0

Sheet 12.17
A1: Rotexmedica Lager | J1: Kontingent: | K1: =288+132 -> 420
F2: Übertrag aus Vormonat: | J2: Verfügbar: | K2: =K1-F6 -> 143
F3: ='11.17'!F6 -> 357
A4: Datum | B4: Ein- lagerung | C4: Aus- lagerung | D4: Zu- / Abgang | E4: Extra Handling | F4: Lagerbestand ist | G4: Bewegung Einlagerung | H4: Bewegung Auslagerung | J4: Summe Bewegungen | K4: EB-Nummer(n)
L5: Traffic Bewegungen : Kontingent
F6: =SUM(D:D)+F3 -> 277 | G6: =SUM(B:B) -> 27 | H6: =SUM(C:C) -> 107 | J6: =SUM(G6:H6)+SUM(E:E) -> 134 | L6: =J6/K1 -> 0.31904762
A7: 43070 | B7: 0 | C7: 9 | D7: =B7-C7 -> -9 | K7: 493965, 493966, 493465, 493466, 485328, 485329, 487758, 491997, 467367
A8: 43076 | B8: 0 | C8: 21 | D8: =B8-C8 -> -21 | K8: 494444, 494445, 494446, 494447, 494448, 489596, 490064, 490065, 490066, 493473, 493474, 493475, 493476, 486295, 486296, 486297, 493720, 493721, 493722, 493723, 491998
A9: 43081 | B9: 0 | C9: 23 | D9: =B9-C9 -> -23 | K9: 483868, 483872, 488655, 493467, 493468, 493469, 493470, 494449, 494450, 494451, 494452, 494453, 486298, 486299, 486300, 491500, 491501, 491502, 491503, 488609, 488610, 488611, 488612
A10: 43081 | B10: 6 | C10: 0 | D10: =B10-C10 -> 6 | K10: 495672, 495673, 495674, 495675, 495676, 495677
A11: 43083 | B11: 0 | C11: 5 | D11: =B11-C11 -> -5 | K11: 492522, 492523, 492524, 492525, 492526
A12: 43084 | B12: 21 | C12: 0 | D12: =B12-C12 -> 21 | K12: 000020, 000021, 000022, 000023, 000024, 000025, 000026, 000027, 000028, 000029, 000030, 000031, 000032, 000033, 000034, 000035, 000036, 000037, 000038, 000039, 000040
A13: 43087 | B13: 0 | C13: 41 | D13: =B13-C13 -> -41 | K13: 485311, 485312, 493967, 493968, 493969, 494454, 494455, 494456, 494457, 494074, 494075, 494076, 494077, 494078, 494079, 494080, 494081, 486301, 486302, 485330, 485331, 493872, 493873, 487759, 487760, 490339, 490340, 490341, 467369, 490240, 491572, 491573, 491574, 491575, 491576, 491577, 491578, 492472, 440881, 440879, 492471
A14: 43090 | B14: 0 | C14: 7 | D14: =B14-C14 -> -7 | K14: 485313, 485314, 469548, 469547, 491504, 491505, ArbKor
A15: 43098 | B15: 0 | C15: 1 | D15: =B15-C15 -> -1 | K15: 457463
D16: =B16-C16 -> 0
D17: =B17-C17 -> 0
D18: =B18-C18 -> 0
D19: =B19-C19 -> 0
D20: =B20-C20 -> 0
D21: =B21-C21 -> 0
D22: =B22-C22 -> 0
D23: =B23-C23 -> 0
D24: =B24-C24 -> 0
D25: =B25-C25 -> 0
D26: =B26-C26 -> 0
D27: =B27-C27 -> 0
... D44: =B44-C44 -> 0

Sheet 01.18
A1: Rotexmedica Lager | J1: Kontingent: | K1: =288+132+36 -> 456
F2: Übertrag aus Vormonat: | J2: Verfügbar: | K2: =K1-F6 -> 33
F3: ='12.17'!F6 -> 277
A4: Datum | B4: Ein- lagerung | C4: Aus- lagerung | D4: Zu- / Abgang | E4: Extra Handling | F4: Lagerbestand ist | G4: Bewegung Einlagerung | H4: Bewegung Auslagerung | J4: Summe Bewegungen | K4: EB-Nummer(n)
L5: Traffic Bewegungen : Kontingent
F6: =SUM(D:D)+F3 -> 423 | G6: =SUM(B:B) -> 252 | H6: =SUM(C:C) -> 106 | J6: =SUM(G6:H6)+SUM(E:E) -> 401 | L6: =J6/K1 -> 0.87938596
A7: 43103 | B7: 1 | C7: 17 | D7: =B7-C7 -> -16 | K7: 444963, 431956, 416424, 426168, 462771, 439326, 448261, 456180, 448256, 477039, 399339, 416795, 428129, 000022, 000023, 000024, 476272 (Teilentnahme!)
A8: 43103 | B8: 40 | C8: 0 | D8: =B8-C8 -> 40 | K8: 496598, 496599, 496600, 496601, 496602, 496603, 496604, 496605, 496607, 496608, 496609, 496610, 496611, 496612, 496613, 496614, 496615, 496616, 496618, 496619, 496620, 496621, 496622, 496623, 496624, 496625, 496626, 496627, 496628, 496629, 496630, 496632, 496633, 496635, 496636, 496637, 496638, 496639, 496671, ArbKor
A9: 43109 | B9: 0 | C9: 15 | D9: =B9-C9 -> -15 | K9: 494810, 494811, 494812, 494813, 494814, 494815, 494816, 494817, 493719, 493724, 493725, 493726, 493970, 493971, 493972
A10: 43109 | B10: 5 | C10: 0 | D10: =B10-C10 -> 5 | K10: 496846, 496847, 496848, 496849, 496850
A11: 43110 | B11: 15 | C11: 0 | D11: =B11-C11 -> 15 | K11: 497036, 497037, 497038, 497039, 497040, 497041, 497042, 497043, 459743, 459744, 487928, 481813, 479024, 492192, 479023
A12: 43112 | B12: 0 | C12: 7 | D12: =B12-C12 -> -7 | K12: 431527, 467551, 467552, 467553, 416989, 435089, 435122
A13: 43112 | B13: 0 | C13: 1 | D13: =B13-C13 -> -1 | K13: 20
A14: 43112 | B14: 18 | C14: 0 | D14: =B14-C14 -> 18 | K14: 497180, 497181, 497182, 497183, 497184, 497185, 497187, 497068, 497069 EUP def., 497071, 497073, 497144, 497145, 497146, 497147, 497148, 497188, 497074
A15: 43116 | B15: 0 | C15: 13 | D15: =B15-C15 -> -13 | K15: 493456, 493457, 493458, 493459, 493460, 493461, 493462, 493463, 491999, 492000, 491506, 486303, 486304
A16: 43116 | B16: 19 | C16: 0 | D16: =B16-C16 -> 19 | K16: 480148, 480822, 486080, 487851, 489447, 489448, 492102, 492103, 492104, 492105, 492107, 492108, 493016, 493017, 493018, 496524, 497379, 497380, ohneEB-Nr.
A17: 43117 | B17: 51 | C17: 0 | D17: =B17-C17 -> 51 | K17: 497480, 497481, 497482, 497483, 497484, 497485, 497553, 497554, 497555, 497556, 497557, 497486, 497494, 497495, 497496, 497497, 497498, 497501, 497502, 497503, 497504, 497505, 497506, 497507, 497508, 497509, 497510, 497511, 497512, 497513, 497514, 497515, 497516, 497517, 497518, 497519, 497520, 497521, 497522, 497523, 497524, 497525, 497526, 497527, 497528, 497529, 497530, 497531, 497532, 497533, 489224
A18: 43117 | B18: 0 | C18: 1 | D18: =B18-C18 -> -1 | K18: ohneEB-Nr.
A19: 43119 | B19: 0 | C19: 19 | D19: =B19-C19 -> -19 | K19: 000026, 493727, 493728, 493729, 493730, 493731, 493732, 493733, 493734, 493735, 493736, 493737, 493738, 493739, 493740, 493741, 493742, 493743, 493744
A20: 43119 | B20: 0 | C20: 10 | D20: =B20-C20 -> -10 | K20: 490068, 490069, 490072, 490074, 490075, 488656, 488657, 488658, 488659, 488660
A21: 43122 | B21: 0 | C21: 8 | D21: =B21-C21 -> -8 | K21: 494410, 494411, 497480, 490237, 490238, 490239, 491579, 479309
A22: 43122 | B22: 0 | C22: 0 | D22: =B22-C22 -> 0 | E22: 43 | K22: Handling Zwischenlager Block - Paletten labeln
A23: 43123 | B23: 70 | C23: 0 | D23: =B23-C23 -> 70 | K23: 497916, 497917, 497918, 497919, 497920, 497921, 497922, 497923, 497924, 497925, 497926, 497927, 497928, 497929, 497930, 497931, 497932, 497933, 497934, 497935, 497936, 497937, 497938, 497939, 497940, 497941, 497942, 497943, 497944, 497945, 497946, 497947, 497948, 497949, 497950, 497951, 497952, 497953, 497954, 497955, 497956, 497957, 497958, 497905, 497906, 497907, 497908, 497909, 497910, 497911, 498062, 498063, 498064, 498065, 498066, 498067, 498068, 498069, 498070, 498071, 498072, 498073, 498074, 498075, 498076, 498077, 498078, 498079, 498080, 498081
A24: 43124 | B24: 18 | C24: 0 | D24: =B24-C24 -> 18 | K24: 000026, 498096, 498097, 498098, 498099, 498100, 498101, 498102, 498150, 498151, 498152, 498153, 498154, 498155, 498156, 498157, 498158, 498159 | L24: Lager-Erweiterung ab heute auf 456 Plätze
A25: 43126 | B25: 0 | C25: 15 | D25: =B25-C25 -> -15 | K25: 496598, 496599, 496600, 496601, 491580, 491581, 490067, 490076, 493870, 493874, 493875, 494736, 494947, 457992, 471670
A26: 43130 | B26: 15 | C26: 0 | D26: =B26-C26 -> 15 | K26: 498362, 498363, 498364, 498365, 498366, 498367, 498368, 498369, 498370, 498371, 498372, 498373, 498375, 000041, 000042
D27: =B27-C27 -> 0
D28: =B28-C28 -> 0
D29: =B29-C29 -> 0
D30: =B30-C30 -> 0
D31: =B31-C31 -> 0
D32: =B32-C32 -> 0
D33: =B33-C33 -> 0
D34: =B34-C34 -> 0
D35: =B35-C35 -> 0
D36: =B36-C36 -> 0
D37: =B37-C37 -> 0
D38: =B38-C38 -> 0
... D44: =B44-C44 -> 0

Sheet 02.18
A1: Rotexmedica Lager | J1: Kontingent: | K1: =288+132+36+36 -> 492
F2: Übertrag aus Vormonat: | J2: Verfügbar: | K2: =K1-F6 -> 74
F3: ='01.18'!F6 -> 423
A4: Datum | B4: Ein- lagerung | C4: Aus- lagerung | D4: Zu- / Abgang | E4: Extra Handling | F4: Lagerbestand ist | G4: Bewegung Einlagerung | H4: Bewegung Auslagerung | J4: Summe Bewegungen | K4: EB-Nummer(n)
L5: Traffic Bewegungen : Kontingent
F6: =SUM(D:D)+F3 -> 418 | G6: =SUM(B:B) -> 123 | H6: =SUM(C:C) -> 128 | J6: =SUM(G6:H6)+SUM(E:E) -> 303 | L6: =J6/K1 -> 0.61585366
A7: 43132 | B7: 10 | C7: 0 | D7: =B7-C7 -> 10 | K7: 498507, 498508, 498509, 498510, 498511, 498512, 498513, 498514, 498515, 498516
A8: 43133 | B8: 0 | C8: 25 | D8: =B8-C8 -> -25 | K8: 497501, 497502, 497503, 497504, 497505, 497506, 497507, 497508, 497509, 497510, 497511, 497512, 497513, 497514, 498062, 498063, 494948, 494949, 494950, 496602, 496603, 496604, 490077, 490080, 490081
A9: 43136 | B9: 9 | C9: 9 | D9: =B9-C9 -> 0 | K9: QS zieht Paletten-Nr.: 0026, 0016, 0017, 0027, 0033, 0034, 0035, 0036, 0038
A10: 43137 | B10: 0 | C10: 8 | D10: =B10-C10 -> -8 | K10: 363722, 363723, 363724, 363725, 363726, 363727, 363728, 363729 | L10: zur Vernichtung
A11: 43137 | B11: 0 | C11: 0 | D11: =B11-C11 -> 0 | E11: 42 | K11: Handling Zwischenlager Block - Paletten labeln | L11: Lager-Erweiterung ab heute auf 492 Plätze
A12: 43137 | B12: 0 | C12: 0 | D12: =B12-C12 -> 0 | E12: =4+5+1 -> 10 | K12: Proben ziehen, auf EW-Pal. packen und an Rotex liefern | L12: 4+5 Trays auf 1 EW-Pal.
A13: 43137 | B13: =18+42 -> 60 | C13: 0 | D13: =B13-C13 -> 60 | K13: 498769, 498770, 498771, 498772, 498773, 498774, 498775, 498776, 498777, 498778, 498779, 498780, 498781, 498782, 498812, 498813, 498814, 498815, 498816, 498817, 498818, 498819, 498820, 498821, 498822, 498823, 498824, 498783, 498784, 498785, 498786, 498787, 498788, 498789, 498790, 498791, 498792, 498793, 498794, 498795, 498796, 498797, 498798, 498799, 498800, 498801, 498802, 498803, 498804, 498805, 498806, 498807, 498808, 498809, 498810, 498811, 000043, 000044, 000045, 000046
A14: 43140 | B14: 0 | C14: 8 | D14: =B14-C14 -> -8 | K14: 496618, 496619, 496620, 496605, 496607, 491582, 491583, 496632
A15: 43140 | B15: 4 | C15: 0 | D15: =B15-C15 -> 4 | K15: 498941, 498942, 498943, 498944
A16: 43144 | B16: 0 | C16: 2 | D16: =B16-C16 -> -2 | K16: 490082, 490083
A17: 43144 | B17: 13 | C17: 0 | D17: =B17-C17 -> 13 | K17: 499118, 499119, 499120, 499121, 499124, 499127, 499128, 499129, 499130, 499133, 499134, 499135, 499136
A18: 43146 | B18: 0 | C18: 17 | D18: =B18-C18 -> -17 | K18: 497905, 497906, 497907, 498769, 498770, 498771, 498772, 498773, 498774, 498775, 498776, 498777, 498778, 498779, 497780, 498781, 498782
A19: 43147 | B19: 0 | C19: 20 | D19: =B19-C19 -> -20 | K19: 497515, 497516, 497517, 497518, 497519, 497520, 497521, 497522, 497523, 497524, 497525, 497526, 497527, 497037, 488661, 488662, 497036, 490302, 498362, 498363
A20: 43147 | B20: 16 | C20: 0 | D20: =B20-C20 -> 16 | K20: 499452, 499453, 499454, 499455, 499456, 499457, 499458, 499459, 499460, 499461, 499462, 499463, 499464, 499465, 499466, 499467
A21: 43150 | B21: 0 | C21: 20 | D21: =B21-C21 -> -20 | K21: 498064, 498065, 498066, 498067, 498068, 498069, 497528, 467529, 497530, 497531, 497532, 497533, 497908, 494951, 494952, 493876, 493877, 493878, 493364, 493365
A22: 43154 | B22: 0 | C22: 19 | D22: =B22-C22 -> -19 | K22: 497481, 498070, 460805, 497038, 497379, 494953, 494954, 487761, 497909, 496633, 496635, 496636, 496637, 496621, 496622, 496623, 496624, 496625, 498366
A23: 43154 | B23: 11 | C23: 0 | D23: =B23-C23 -> 11 | K23: 499803, 499804, 499805, 499806, 499807, 499808, 499809, 499810, 499811, 499812, 499813
D24: =B24-C24 -> 0
D25: =B25-C25 -> 0
D26: =B26-C26 -> 0
D27: =B27-C27 -> 0
D28: =B28-C28 -> 0
D29: =B29-C29 -> 0
D30: =B30-C30 -> 0
D31: =B31-C31 -> 0
D32: =B32-C32 -> 0
D33: =B33-C33 -> 0
D34: =B34-C34 -> 0
D35: =B35-C35 -> 0
... D44: =B44-C44 -> 0

Sheet 03.18
A1: Rotexmedica Lager | J1: Kontingent: | K1: =288+132+36+36 -> 492
F2: Übertrag aus Vormonat: | J2: Verfügbar: | K2: =K1-F6 -> 103
F3: ='02.18'!F6 -> 418
A4: Datum | B4: Ein- lagerung | C4: Aus- lagerung | D4: Zu- / Abgang | E4: Extra Handling | F4: Lagerbestand ist | G4: Bewegung Einlagerung | H4: Bewegung Auslagerung | J4: Summe Bewegungen | K4: EB-Nummer(n)
L5: Traffic Bewegungen : Kontingent
F6: =SUM(D:D)+F3 -> 389 | G6: =SUM(B:B) -> 99 | H6: =SUM(C:C) -> 128 | J6: =SUM(G6:H6)+SUM(E:E) -> 229 | L6: =J6/K1 -> 0.46544715
A7: 43161 | B7: 0 | C7: 20 | D7: =B7-C7 -> -20 | K7: 498783, 498784, 498785, 498786, 498787, 498788, 498789, 498790, 498791, 498792, 498793, 498794, 498795, 498796, 498797, 498798, 498367, 498368, 498369, 498370
A8: 43164 | B8: 0 | C8: 2 | D8: =B8-C8 -> -2 | K8: 479308, 479310
A9: 43165 | B9: 0 | C9: 19 | D9: =B9-C9 -> -19 | K9: 498071, 498072, 498073, 498074, 498075, 498076, 498077, 498078, 486252, 486253, 486254, 486255, 486256, 486257, 486258, 486259, 486260, 486261, 486262
A10: 43165 | B10: 0 | C10: 0 | D10: =B10-C10 -> 0 | E10: 2 | K10: "Regalbau" 2 Packstücke, gesamt 354x113x113 = 4,5 kbm | L10: Blocklager! Abrg. Lagergeld erfolgt gesondert über Rg. Pos.4
A11: 43172 | B11: 0 | C11: 3 | D11: =B11-C11 -> -3 | K11: 498079, 498080, 498081
A12: 43172 | B12: 0 | C12: 10 | D12: =B12-C12 -> -10 | K12: 498371, 498372, 498373, 498375, 499118, 497039, 497040, 497041, 497042, 497043
A13: 43172 | B13: 0 | C13: 8 | D13: =B13-C13 -> -8 | K13: 498799, 498800, 498801, 498802, 498803, 498804, 498805, 498806
A14: 43172 | B14: 14 | C14: 0 | D14: =B14-C14 -> 14 | K14: 500706, 500707, 500708, 500709, 500710, 500711, 500712, 500713, 500714, 500715, 500716, 500717, 500718, 500719
A15: 43173 | B15: 0 | C15: 9 | D15: =B15-C15 -> -9 | K15: 498807, 498808, 498809, 498810, 498811, 498941, 498942, 498943, 498944
A16: 43175 | B16: 0 | C16: 21 | D16: =B16-C16 -> -21 | K16: 498812, 498813, 498814, 498815, 498816, 498817, 498818, 498819, 498820, 498821, 498822, 498823, 498824, 497930, 497931, 497932, 497933, 497934, 497935, 497936, 495672
A17: 43175 | B17: 6 | C17: 0 | D17: =B17-C17 -> 6 | K17: 501008, 501009, 501010, 501011, 501012, 501013
A18: 43175 | B18: 0 | C18: 8 | D18: =B18-C18 -> -8 | K18: 494955, 494956, 493879, 497180, 497181, 487762, 497068, 494957
A19: 43178 | B19: 0 | C19: 5 | D19: =B19-C19 -> -5 | K19: 499452, 499453, 499454, 499455, 498150
A20: 43178 | B20: 35 | C20: 0 | D20: =B20-C20 -> 35 | K20: 501092, 501093, 501094, 501095, 501096, 501097, 501098, 501099, 501100, 501101, 501102, 501103, 501104, 501105, 501106, 501107, 501108, 501109, 501110, 501111, 501112, 501113, 501114, 501115, 501116, 501117, 501118, 501119, 501120, 501121, 501122, 501123, 501124, 501125, 501126
A21: 43180 | B21: 21 | C21: 0 | D21: =B21-C21 -> 21 | K21: 501339, 501340, 501341, 501342, 501343, 501344, 501345, 501346, 501347, 501348, 501349, 501350, 501351, 501352, 501353, 501354, 501355, 501356, 501357, 501358, 501359
A22: 43185 | B22: 0 | C22: 5 | D22: =B22-C22 -> -5 | K22: 494958, 494959, 494960, 497182, 497069
... A26: 43188 | B26: 13 | C26: 0 | D26: =B26-C26 -> 13 | K26: 501868, 501869, 501870, 501871, 501872, 501874, 501875, 501876, 501877, 501878, 501879, 501880, 501881
D27: =B27-C27 -> 0
D28: =B28-C28 -> 0
D29: =B29-C29 -> 0
D30: =B30-C30 -> 0
D31: =B31-C31 -> 0
D32: =B32-C32 -> 0
D33: =B33-C33 -> 0
D34: =B34-C34 -> 0
D35: =B35-C35 -> 0
D36: =B36-C36 -> 0
D37: =B37-C37 -> 0
D38: =B38-C38 -> 0
... D44: =B44-C44 -> 0

Sheet 04.18
A1: Rotexmedica Lager | J1: Kontingent: | K1: =288+132+36+36 -> 492
F2: Übertrag aus Vormonat: | J2: Verfügbar: | K2: =K1-F6 -> 14
F3: ='03.18'!F6 -> 389
A4: Datum | B4: Ein- lagerung | C4: Aus- lagerung | D4: Zu- / Abgang | E4: Extra Handling | F4: Lagerbestand ist | G4: Bewegung Einlagerung | H4: Bewegung Auslagerung | J4: Summe Bewegungen | K4: EB-Nummer(n)
L5: Traffic Bewegungen : Kontingent
F6: =SUM(D:D)+F3 -> 478 | G6: =SUM(B:B) -> 208 | H6: =SUM(C:C) -> 119 | J6: =SUM(G6:H6)+SUM(E:E) -> 393 | L6: =J6/K1 -> 0.79878049
A7: 43193 | B7: 21 | C7: 0 | D7: =B7-C7 -> 21 | K7: 501904, 501905, 501906, 501907, 501908, 501895, 501896, 501897, 501898, 501915, 501916, 501917, 501918, 501919, 501920, 501927, 501928, 501929, 501930, 501931, 501926
A8: 43194 | B8: 0 | C8: 5 | D8: =B8-C8 -> -5 | K8: 497937, 497938, 497939, 497940, 497941 | L8: Sonderfahrt
A9: 43194 | B9: 0 | C9: 2 | D9: =B9-C9 -> -2 | K9: 499803, 499804 | L9: Sonderfahrt
A10: 43195 | B10: 23 | C10: 0 | D10: =B10-C10 -> 23 | K10: 502148, 502149, 502150, 502151, 502152, 502153, 502154, 502155, 502156, 502157, 502158, 502159, 502160, 502161, 502162, 502163, 502164, 502169, 502170, 502171, 502172, 502173, 502175
A11: 43199 | B11: 0 | C11: 14 | D11: =B11-C11 -> -14 | K11: 490337, 490338, 490342, 490343, 500706, 500707, 500708, 500709, 476270, 476271, 476272, 496846, 496847, 496848
A12: 43200 | B12: 10 | C12: 0 | D12: =B12-C12 -> 10 | K12: 502439, 502440, 502441, 502443, 502444, 502445, 502447, 502448, 502449, 502451
A13: 43201 | D13: =B13-C13 -> 0 | E13: 36 | K13: Handling Zwischenlager Block - Paletten labeln
A14: 43201 | D14: =B14-C14 -> 0 | E14: 4 | K14: Proben ziehen und an Rotex liefern
A15: 43201 | B15: 36 | C15: 0 | D15: =B15-C15 -> 36 | K15: 502551, 505552, 502553, 502554, 502555, 502556, 502557, 502558, 502559, 502560, 502561, 502562, 502563, 502564, 502565, 502566, 502567, 502568, 502569, 502570, 502571, 502572, 502573, 502573, 502574, 502575, 502576, 502577, 502578, 502579, 502580, 502581, 502582, 502583, 502584, 502586
A16: 43202 | B16: 0 | C16: 2 | D16: =B16-C16 -> -2 | K16: 459743, 459744 | L16: Sonderfahrt
A17: 43202 | B17: 0 | C17: 30 | D17: =B17-C17 -> -30 | K17: 497144, 497145, 500710, 500711, 500712, 500713, 500714, 500715, 498096, 498097, 498098, 498099, 498100, 497942, 497943, 497944, 497945, 497946, 497947, 497948, 497949, 497950, 497951, 494961, 494962, 494963, 497183, 497184, 497071, 000045
A18: 43207 | B18: 0 | C18: 3 | D18: =B18-C18 -> -3 | K18: 497910, 497911, 501545
A19: 43207 | B19: 20 | C19: 0 | D19: =B19-C19 -> 20 | K19: 502859, 502860, 502861, 502862, 502863, 502864, 502865, 502866, 502877, 502878, 502879, 502870, 502871, 502872, 502873, 502874, 502875, 000045, 000047-A, 000047-B
A20: 43208 | D20: =B20-C20 -> 0 | E20: 26 | K20: Handling Zwischenlager Block - Paletten labeln
A21: 43208 | B21: 26 | C21: 0 | D21: =B21-C21 -> 26 | K21: 503010, 503011, 503012, 503013, 501314, 503015, 503016, 503017, 503018, 503019, 503020, 503021, 503022, 503023, 503024, 503025, 503026, 503027, 503028, 503029, 503030, 503031, 503032, 503033, 503034, 503035
A22: 43209 | B22: 0 | C22: 44 | D22: =B22-C22 -> -44 | K22: 497952, 497953, 497954, 497955, 497956, 497957, 497958, 501099, 501100, 501101, 501102, 501103, 501104, 501105, 501106, 501107, 501108, 501109, 501110, 501111, 501112, 501113, 501114, 501115, 501116, 501117, 500716, 500717, 500718, 500719, 501339, 501340, 501341, 501342, 501343, 501344, 501345, 501346, 501347, 501348, 501349, 501350, 501351, 497380
A23: 43209 | B23: 48 | C23: 0 | D23: =B23-C23 -> 48 | K23: 503060, 503061, 503064, 503059, 503063, 503058, 503062, 503080, 503089, 503088, 503090, 503091, 503092, 503093, 503083, 503077, 503079, 503087, 503086, 503082, 503085, 503084, 503081, 503078, 501564, 501565, 501566, 501567, 502072, 502071, 469548, 498913, 498914, 498915, 476271, 499777, 486261, 469547, 469550, 486260, 501569, 501570, 486259, 480833, 480384, 480835, 476270, 501568
A24: 43213 | B24: 0 | C24: 5 | D24: =B24-C24 -> -5 | K24: 431519, 496608, 496609, 496610, 497073
A25: 43213 | B25: 9 | C25: 0 | D25: =B25-C25 -> 9 | K25: 503386, 503387, 503388, 503260, 503265, 503264, 503263, 503262, 503261
A26: 43215 | B26: 0 | C26: 4 | D26: =B26-C26 -> -4 | K26: 496611, 496612, 496613, 496614
A27: 43215 | B27: 5 | C27: 0 | D27: =B27-C27 -> 5 | K27: 503410, 503411, 503412, 503413, 503414
A28: 43217 | B28: 0 | C28: 1 | D28: =B28-C28 -> -1 | K28: eb0ArbKor
A29: 43217 | B29: 10 | C29: 0 | D29: =B29-C29 -> 10 | K29: 503894, 503895, 503896, 503897, 503898, 503899, 503900, 503901, 503902, 503903
A30: 43217 | B30: 0 | C30: 9 | D30: =B30-C30 -> -9 | K30: 499805, 499806, 499807, 499808, 499809, 499810, 499811, 499812, 501352
D31: =B31-C31 -> 0
D32: =B32-C32 -> 0
D33: =B33-C33 -> 0
D34: =B34-C34 -> 0
D35: =B35-C35 -> 0
D36: =B36-C36 -> 0
D37: =B37-C37 -> 0
D38: =B38-C38 -> 0
D39: =B39-C39 -> 0
D40: =B40-C40 -> 0
D41: =B41-C41 -> 0
D42: =B42-C42 -> 0
... D44: =B44-C44 -> 0

Sheet 05.18
A1: Rotexmedica Lager | J1: Kontingent: | K1: =288+132+36+36+102 -> 594
F2: Übertrag aus Vormonat: | J2: Verfügbar: | K2: =K1-F6 -> 44
F3: ='04.18'!F6 -> 478
A4: Datum | B4: Ein- lagerung | C4: Aus- lagerung | D4: Zu- / Abgang | E4: Extra Handling | F4: Lagerbestand ist | G4: Bewegung Einlagerung | H4: Bewegung Auslagerung | J4: Summe Bewegungen | K4: EB-Nummer(n)
L5: Traffic Bewegungen : Kontingent
F6: =SUM(D:D)+F3 -> 550 | G6: =SUM(B:B) -> 218 | H6: =SUM(C:C) -> 146 | J6: =SUM(G6:H6)+SUM(E:E) -> 412 | L6: =J6/K1 -> 0.69360269
A7: 43222 | B7: 0 | C7: 18 | D7: =B7-C7 -> -18 | K7: 501118, 501119, 501120, 501121, 501122, 501123, 501124, 501125, 502148, 502149, 498151, 486259, 486260, 486261, 486263, 498507, 498508, 498509
A8: 43222 | B8: 8 | C8: 0 | D8: =B8-C8 -> 8 | K8: 504000, 504001, 504002, 504003, 503997, 503998, 503999, ArbKor
A9: 43224 | B9: 0 | C9: 17 | D9: =B9-C9 -> -17 | K9: 496626, 496627, 496628, 496629, 502169, 502170, 502171, 502172, 502173, 502175, 502150, 502151, 502152, 502153, 502154, 502155, 498152
A10: 43224 | B10: 0 | C10: 1 | D10: =B10-C10 -> -1 | K10: 501126 | L10: Sonderfahrt
A11: 43224 | B11: 18 | C11: 0 | D11: =B11-C11 -> 18 | K11: 504326, 504327, 504328, 504329, 504330, 504331, 504332, 504333, 504334, 504335, 504336, 504337, 504338, 504339, 504321, 504322, 504323, 504324
A12: 43228 | B12: 2 | C12: 2 | D12: =B12-C12 -> 0 | E12: 2 | K12: 503010, 418776 (jeweils Muster ziehen)
A13: 43228 | B13: 0 | C13: 8 | D13: =B13-C13 -> -8 | K13: 501008, 501009, 501010, 501011, 499129, 499130, 499133, 499134
A14: 43228 | B14: 0 | C14: 3 | D14: =B14-C14 -> -3 | K14: 496638, 496639, 501915
A15: 43228 | B15: 0 | C15: 2 | D15: =B15-C15 -> -2 | K15: 498153, 498154 | L15: Sonderfahrt
A16: 43228 | B16: 16 | C16: 0 | D16: =B16-C16 -> 16 | K16: 504496, 504495, 504494, 504493, 504492, 504487, 504486, 504482, 504481, 504480, 504479, 504478, 504477, 504476, 504475, 504474
A17: 43228 | B17: 0 | C17: 1 | D17: =B17-C17 -> -1 | K17: 501868 | L17: Sonderfahrt
A18: 43229 | B18: 0 | C18: 19 | D18: =B18-C18 -> -19 | K18: 501869, 501870, 471868, 497074, 501546, 501547, 497146, 497147, 487851, 502551, 502156, 502157, 502158, 502159, 502160, 502161, 502162, 502163, 502164
A19: 43229 | B19: 0 | C19: 2 | D19: =B19-C19 -> -2 | K19: 497498, 497497 | L19: Sonderfahrt
A20: 43229 | B20: 9 | C20: 0 | D20: =B20-C20 -> 9 | K20: 504487, 504589, 504591, 504592, 504593, 504594, 502368, 502370, 502371
A21: 43234 | B21: 23 | C21: 0 | D21: =B21-C21 -> 23 | K21: 504720, 504719, 504718, 504717, 504714, 504713, 504712, 504711, 504710, 504709, 504708, 504707, 504706, 504705, 504704, 504703, 504702, 504701, 504700, 504699, 504698, 504697, 504696
A22: 43235 | B22: 0 | C22: 13 | D22: =B22-C22 -> -13 | K22: 498101, 498102, 498155, 502552, 502553, 502554, 502555, 502556, 502557, 502558, 502559, 502560, 502561
A23: 43235 | B23: 17 | C23: 0 | D23: =B23-C23 -> 17 | K23: 504781, 504782, 504783, 504784, 504785, 504786, 504792, 504793, 504794, 504795, 504796, 504797, 504798, 504801, 504802, 504803, 504804
A24: 43237 | B24: 0 | C24: 4 | D24: =B24-C24 -> -4 | K24: 499813, 503058, 503059, 503060 | L24: Sonderfahrt bis 06:00 Uhr! (957kg)
A25: 43237 | B25: 0 | C25: 0 | D25: =B25-C25 -> 0 | E25: 42 | K25: Handling Zwischenlager Block - Paletten labeln
A26: 43237 | B26: 42 | C26: 0 | D26: =B26-C26 -> 42 | K26: 505022, 505023, 505024, 505025, 505026, 505027, 505028, 505029, 505030, 505031, 505032, 505033, 505034, 505035, 505036, 505037, 505038, 505039, 505040, 505041, 505042, 505043, 505044, 505045, 505046, 505047, 505048, 505049, 505050, 505051, 505052, 505053, 505054, 505055, 505056, 505057, 505058, 505059, 505060, 505061, 505062, 505063 | L26: Lager-Erweiterung ab heute (+102 Block F) auf 594 Plätze
A27: 43238 | B27: 0 | C27: 10 | D27: =B27-C27 -> -10 | K27: 501916, 501917, 501918, 501919, 501920, 501871, 501872, 497185, 497187, 497188
A28: 43242 | B28: 4 | C28: 4 | D28: =B28-C28 -> 0 | E28: 4 | K28: 504714, 505057, 505051, 505022 (jeweils Muster ziehen)
A29: 43242 | B29: 0 | C29: 23 | D29: =B29-C29 -> -23 | K29: 501926, 504801, 504802, 504803, 504804, 503387, 503388, 496615, 496616, 502870, 502871, 502872, 499135, 499136, 502439, 502440, 502441, 502443, 501012, 501013, 502562, 502563, 502564
A30: 43243 | B30: 0 | C30: 4 | D30: =B30-C30 -> -4 | K30: 496849, 496850, 501548, 501549
A31: 43244 | B31: 0 | C31: 13 | D31: =B31-C31 -> -13 | K31: 502565, 502566, 502567, 502568, 502569, 502570, 497482, 497483, 497484, 497485, 498156, 498157, 498158
A32: 43244 | B32: 50 | C32: 0 | D32: =B32-C32 -> 50 | K32: 486166, 496525, 500933, 497032, 502173, 498160, 501745, 501744, 501743, 501742, 501741, 498161, 498162, 498163, 483039, 486314, 505166, 501747, 501748, 501749, 501750, 484543, 491589, 495334, 499773, 505312, 505313, 505314, 505315, 505316, 505340, 505349, 505350, 505351, 505352, 505353, 505355, 505356, 505357, 505358, 505359, 505360, 505361, 505362, 505363, 505364, 505365, 505366, 505367, 505368
A33: 43245 | B33: 12 | C33: 0 | D33: =B33-C33 -> 12 | K33: 505514, 505515, 505516, 505517, 505518, 505519, 505520, 505521, 000048, 000049, 000050-A, 000050-B
A34: 43250 | B34: 0 | C34: 2 | D34: =B34-C34 -> -2 | K34: 504792, 504793
A35: 43250 | B35: 7 | C35: 0 | D35: =B35-C35 -> 7 | K35: 505692, 505693, 505687, 505688, 505689, 505690, 505691
A36: 43251 | B36: 10 | C36: 0 | D36: =B36-C36 -> 10 | K36: 505753, 505754, 505755, 505756, 505757, 505758, 505759, 505760, 505761, 505762
D37: =B37-C37 -> 0
D38: =B38-C38 -> 0
D39: =B39-C39 -> 0
D40: =B40-C40 -> 0
D41: =B41-C41 -> 0
D42: =B42-C42 -> 0
D43: =B43-C43 -> 0
D44: =B44-C44 -> 0
D45: =B45-C45 -> 0

Sheet 06.18
A1: Rotexmedica Lager | J1: Kontingent: | K1: =288+132+36+36+102 -> 594
F2: Übertrag aus Vormonat: | J2: Verfügbar: | K2: =K1-F6 -> 166
F3: ='05.18'!F6 -> 550
A4: Datum | B4: Ein- lagerung | C4: Aus- lagerung | D4: Zu- / Abgang | E4: Extra Handling | F4: Lagerbestand ist | G4: Bewegung Einlagerung | H4: Bewegung Auslagerung | J4: Summe Bewegungen | K4: EB-Nummer(n)
L5: Traffic Bewegungen : Kontingent
F6: =SUM(D:D)+F3 -> 428 | G6: =SUM(B:B) -> 87 | H6: =SUM(C:C) -> 209 | J6: =SUM(G6:H6)+SUM(E:E) -> 335 | L6: =J6/K1 -> 0.56397306
A7: 43252 | B7: 0 | C7: 9 | D7: =B7-C7 -> -9 | K7: 502571, 502572, 502573, 502574, 502575, 502576, 502577, 501550, 501551 | L7: Sonderfahrt LKW
A8: 43252 | B8: 0 | C8: 3 | D8: =B8-C8 -> -3 | K8: 498159, 503064, 505349 | L8: Sonderfahrt Sprinter
A9: 43255 | B9: 0 | C9: 12 | D9: =B9-C9 -> -12 | K9: 497486, 497494, 497495, 501353, 501354, 503077, 503078, 503079, 503080, 502444, 502445, 502447
A10: 43257 | B10: 0 | C10: 4 | D10: =B10-C10 -> -4 | K10: 504696, 504697, 504698, 504699 | L10: Sonderfahrt LKW
A11: 43258 | B11: 0 | C11: 11 | D11: =B11-C11 -> -11 | K11: 501552, 501553, 502578, 502579, 502580, 502581, 502582, 502583, 502584, 502585, 502586
A12: 43258 | B12: 14 | C12: 0 | D12: =B12-C12 -> 14 | K12: 506266, 506265, 506264, 506263, 506262, 506261, 506260, 506259, 506258, 506257, 506256, 506255, 506254, 506253
A13: 43259 | B13: 3 | C13: 3 | D13: =B13-C13 -> 0 | K13: 000007, 000008, 000013 | L13: 08.06./12:00 @ HIGHSPEED: Bitte Pal. zur Besichtigung bereitstellen, Rotexmedica Herr Ihde (07,08,13), danach wieder einlagern
A14: 43259 | B14: 0 | C14: 14 | D14: =B14-C14 -> -14 | K14: 492001, 492002, 492003, 503061, 503062, 503063, 501355, 501356, 501357, 501358, 505367, 505368, 497496, 504700
A15: 43259 | D15: =B15-C15 -> 0 | E15: 36 | K15: Handling Zwischenlager Block - Paletten labeln
A16: 43259 | B16: 15 | C16: 0 | D16: =B16-C16 -> 15 | K16: 506346, 506344, 506342, 506341, 506339, 506338, 506337, 506336, 506335, 506334, 506333, 506332, 506331, 506330, 506329
A17: 43259 | B17: 1 | C17: 0 | D17: =B17-C17 -> 1 | K17: 1 Pal. Akten zur Vernichtung Herr Ihde
A18: 43262 | B18: 36 | C18: 0 | D18: =B18-C18 -> 36 | K18: 506424, 506425, 506426, 506427, 506428, 506429, 506430, 506431, 506432, 506433, 506434, 506435, 506436, 506437, 506438, 506439, 506440, 506441, 506442, 506443, 506444, 506445, 506446, 506447, 506448, 506449, 506450, 506451, 506452, 506453, 506454, 506455, 506456, 506457, 506458, 506459
A19: 43262 | B19: 3 | C19: 3 | D19: =B19-C19 -> 0 | E19: 3 | K19: 479023, 476270, 502173 (je 2 Bulks Muster ziehen)
A20: 43262 | B20: 0 | C20: 3 | D20: =B20-C20 -> -3 | K20: ArbKor, 000007, 000013 | L20: 007 + 013 z.Hd. Herr Ihde
A21: 43263 | B21: 0 | C21: 14 | D21: =B21-C21 -> -14 | K21: 502448, 502449, 502451, 503260, 506424, 506425, 506426, 506427, 506428, 506429, 506430, 506431, 506264, 506265
A22: 43263 | B22: 0 | C22: 2 | D22: =B22-C22 -> -2 | K22: 493471, 493472 | L22: Sonderfahrt Sprinter
A23: 43263 | B23: 1 | C23: 1 | D23: =B23-C23 -> 0 | K23: 000008 | L23: 12.06./12:00 @ HIGHSPEED: Bitte Pal. zur Besichtigung bereitstellen, Rotexmedica Herr Ihde (000008), danach wieder einlagern
A24: 43263 | B24: 1 | C24: 0 | D24: =B24-C24 -> 1 | K24: ArbKor
A25: 43264 | B25: 0 | C25: 7 | D25: =B25-C25 -> -7 | K25: 506259, 501554, 502873, 502874, 496630, 496671, 504701
A26: 43264 | B26: 6 | C26: 0 | D26: =B26-C26 -> 6 | K26: 506618, 506619, 506620, 506621, 506622, 506623
A27: 43264 | B27: 0 | C27: 2 | D27: =B27-C27 -> -2 | K27: 506258, 503386 | L27: Sonderfahrt Sprinter
A28: 43265 | B28: 0 | C28: 31 | D28: =B28-C28 -> -31 | K28: 1 Pal. Akten zur Vernichtung Herr Ihde 505355, 505356, 505357, 503084, 480833, 501874, 501875, 502859, 502860, 503410, 503261, 503262, 503263, 503264, 501904, 501905, 501906, 506432, 506433, 506434, 506435, 506436, 506437, 506438, 506439, 506440, 506441, 506442, 506443, 506444
A29: 43269 | B29: 0 | C29: 3 | D29: =B29-C29 -> -3 | K29: 480834, 471869, 502861 | L29: Sonderfahrt 2xSprinter
A30: 43270 | B30: 0 | C30: 16 | D30: =B30-C30 -> -16 | K30: 504794, 504795, 506260, 506261, 502875, 504781, 495673, 495674, 000046, 501876, 502862, 501741, 501742, 501743, 501744, 501745
A31: 43273 | B31: 0 | C31: 23 | D31: =B31-C31 -> -23 | K31: 503997, 501359, 504327, 504328, 504329, 504330, 504331, 504332, 504333, 504334, 504335, 504326, 502071, 503085, 503086, 497916, 497917, 497918, 497919, 497920, 497921, 497922, 493464
A32: 43276 | B32: 0 | C32: 2 | D32: =B32-C32 -> -2 | K32: 499777, 502072 | L32: Sonderfahrt Sprinter
A33: 43277 | B33: 7 | C33: 0 | D33: =B33-C33 -> 7 | K33: 507144, 507145, 507146, 507147, 507148, 507149, 507150
A34: 43278 | B34: 0 | C34: 1 | D34: =B34-C34 -> -1 | K34: 503998 | L34: Sonderfahrt Sprinter
A35: 43279 | B35: 0 | C35: 45 | D35: =B35-C35 -> -45 | K35: 505358, 505359, 505360, 505361, 493016, 493017, 493018, 501747, 503999, 504000, 504001, 504002, 504702, 504703, 504704, 504705, 504706, 504707, 497923, 497924, 497925, 497926, 497927, 497928, 497929, 501092, 501093, 501094, 501095, 501096, 492102, 492103, 492104, 501877, 495675, 495676, 501895, 506253, 506254, 506266, 502877, 501927, 504782, 504783, 501564
D36: =B36-C36 -> 0
D37: =B37-C37 -> 0
D38: =B38-C38 -> 0
D39: =B39-C39 -> 0
D40: =B40-C40 -> 0
D41: =B41-C41 -> 0
D42: =B42-C42 -> 0
D43: =B43-C43 -> 0
D44: =B44-C44 -> 0

Sheet 07.18
A1: Rotexmedica Lager | J1: Kontingent: | K1: =288+132+36+36+102 -> 594
F2: Übertrag aus Vormonat: | J2: Verfügbar: | K2: =K1-F6 -> 138
F3: ='06.18'!F6 -> 428
A4: Datum | B4: Ein- lagerung | C4: Aus- lagerung | D4: Zu- / Abgang | E4: Extra Handling | F4: Lagerbestand ist | G4: Bewegung Einlagerung | H4: Bewegung Auslagerung | J4: Summe Bewegungen | K4: EB-Nummer(n)
L5: Traffic Bewegungen : Kontingent
F6: =SUM(D:D)+F3 -> 456 | G6: =SUM(B:B) -> 46 | H6: =SUM(C:C) -> 18 | J6: =SUM(G6:H6)+SUM(E:E) -> 67 | L6: =J6/K1 -> 0.11279461
A7: 43283 | B7: 0 | C7: 1 | D7: =B7-C7 -> -1 | K7: 501907 | L7: Sonderfahrt Sprinter
A8: 43284 | B8: 0 | C8: 2 | D8: =B8-C8 -> -2 | K8: 504708, 504709 | L8: Sonderfahrt Sprinter
A9: 43285 | B9: 0 | C9: 1 | D9: =B9-C9 -> -1 | K9: 504710 | L9: Sonderfahrt Sprinter
A10: 43287 | B10: 0 | C10: 6 | D10: =B10-C10 -> -6 | K10: 000018A, 000018B, 000019A, 000019B, 000047A, 000047B
A11: 43287 | B11: 16 | C11: 0 | D11: =B11-C11 -> 16 | K11: 507920, 507921, 507922, 507923, 507924, 507925, 507926, 507927, 507928, 507929, 507930, 507931, 507932, 507933, 507934, 507935
A12: 43299 | B12: 0 | C12: 3 | D12: =B12-C12 -> -3 | K12: 474889, 463709, 422536
A13: 43299 | B13: 27 | C13: 0 | D13: =B13-C13 -> 27 | K13: 505730, 505731, 505732, 505733, 505734, 505735, 505736, 505737, 505738, 505739, 506819, 506820, 506821, 506822, 506823, 000047A, 000047B, 000051, 000052, 000053, 000054, 000055, 000056, 000057, 000058, 000059, 000060
A14: 43301 | B14: 0 | C14: 0 | D14: =B14-C14 -> 0 | E14: 2 | K14: eb0Regalbau "Regalbau" 2 Packstücke, gesamt 354x113x113 = 4,5 kbm
A15: 43305 | B15: 3 | C15: 3 | D15: =B15-C15 -> 0 | E15: 1 | K15: 000001, 000002, 000004 Bereitstellung zur Prüfung; Teilentnahme + Neuverpackung von 000004 | L15: Sonderfahrt Kombi
A16: 43307 | B16: 0 | C16: 2 | D16: =B16-C16 -> -2 | K16: 000057, 000041
D17: =B17-C17 -> 0
D18: =B18-C18 -> 0
D19: =B19-C19 -> 0
D20: =B20-C20 -> 0
D21: =B21-C21 -> 0
D22: =B22-C22 -> 0
D23: =B23-C23 -> 0
D24: =B24-C24 -> 0
D25: =B25-C25 -> 0
D26: =B26-C26 -> 0
D27: =B27-C27 -> 0
D28: =B28-C28 -> 0
... D44: =B44-C44 -> 0

Sheet 08.18
A1: Rotexmedica Lager | J1: Kontingent: | K1: =288+132+36+36+102 -> 594
F2: Übertrag aus Vormonat: | J2: Verfügbar: | K2: =K1-F6 -> 196
F3: ='07.18'!F6 -> 456
A4: Datum | B4: Ein- lagerung | C4: Aus- lagerung | D4: Zu- / Abgang | E4: Extra Handling | F4: Lagerbestand ist | G4: Bewegung Einlagerung | H4: Bewegung Auslagerung | J4: Summe Bewegungen | K4: EB-Nummer(n)
L5: Traffic Bewegungen : Kontingent
F6: =SUM(D:D)+F3 -> 398 | G6: =SUM(B:B) -> 83 | H6: =SUM(C:C) -> 141 | J6: =SUM(G6:H6)+SUM(E:E) -> 226 | L6: =J6/K1 -> 0.38047138
A7: 43313 | B7: 0 | C7: 3 | D7: =B7-C7 -> -3 | K7: 420039, 421352, 439506
A8: 43313 | B8: 24 | C8: 0 | D8: =B8-C8 -> 24 | K8: 508387, 508388, 508389, 508390, 508391, 508392, 508393, 508394, 508395, 508396, 508397, 508398, 508399, 508400, 508401, 508402, 508403, 508404, 508405, 508406, 000019A, 000019B, 000018A, 000018B
A9: 43318 | B9: 0 | C9: 23 | D9: =B9-C9 -> -23 | K9: 504711, 506618, 506619, 506620, 506621, 501896, 501897, 495677, 504587, 501097, 501098, 503010, 503011, 503012, 503013, 503014, 503015, 503016, 503017, 503018, 503019, 503020, 503021 | L9: Sonderfahrt LKW
A10: 43322 | B10: 0 | C10: 7 | D10: =B10-C10 -> -7 | K10: 483039, 501878, 501879, 502863, 503411, 501908, 501898
A11: 43322 | B11: 0 | C11: 8 | D11: =B11-C11 -> -8 | K11: 501928, 501929, 501930, 501931, 504336, 504337, 504338, 504339 | L11: Sonderfahrt LKW
A12: 43325 | B12: 0 | C12: 21 | D12: =B12-C12 -> -21 | K12: 505362, 505363, 505364, 505365, 505350, 507920, 507921, 507922, 507923, 504003, 505514, 505515, 505166, 503022, 503023, 503024, 503025, 503026, 503027, 503028, 503029
A13: 43328 | B13: 2 | C13: 2 | D13: =B13-C13 -> 0 | E13: 2 | K13: 000011, 000051 (ausgelagert; nachverpackt, eingelagert)
A14: 43328 | B14: 0 | C14: 16 | D14: =B14-C14 -> -16 | K14: 505366, 505312, 505313, 505314, 505315, 504589, 504591, 507924, 507925, 507926, 507927, 466984, 466985, 466986, 504492, 504486
A15: 43328 | B15: 20 | C15: 0 | D15: =B15-C15 -> 20 | K15: 508703, 508704, 508705, 508706, 508707, 508708, 508709, 508710, 508711, 508851, 508852, 508853, 508854, 508855, 508856, 508857, 508858, 508859, 508860, 508861
A16: 43332 | B16: 10 | C16: 0 | D16: =B16-C16 -> 10 | K16: 508989, 508990, 508991, 508992, 508993, 508994, 508995, 508996, 508997, 508998
A17: 43334 | B17: 0 | C17: 13 | D17: =B17-C17 -> -13 | K17: 505316, 508387, 508388, 508389, 508390, 505516, 506622, 506623, 489447, 489448, 492105, 492107, 492108
A18: 43339 | B18: 0 | C18: 3 | D18: =B18-C18 -> -3 | K18: 506255, 506256, 506257 | L18: Sonderfahrt LKW
A19: 43340 | B19: 0 | C19: 2 | D19: =B19-C19 -> -2 | K19: 501565, 501566 | L19: Sonderfahrt LKW
A20: 43341 | B20: 0 | C20: 13 | D20: =B20-C20 -> -13 | K20: 504592, 504593, 504594, 504493, 504494, 503894, 503895, 502864, 502865, 501567, 501568, 501569, 501570
A21: 43341 | B21: 6 | C21: 0 | D21: =B21-C21 -> 6 | K21: 509667, 509668, 509669, 509670, 509671, 509672
A22: 43342 | B22: 0 | C22: 6 | D22: =B22-C22 -> -6 | K22: 497148, 497553, 505517, 505518, 505519, 505520 | L22: Sonderfahrt LKW
A23: 43342 | B23: 21 | C23: 0 | D23: =B23-C23 -> 21 | K23: 509800, 509801, 509802, 509803, 509804, 509805, 509806, 509807, 509808, 509809, 509810, 509811, 509812, 509813, 509814, 509828, 509829, 509830, 509831, 509832, 509833
A24: 43343 | B24: 0 | C24: 24 | D24: =B24-C24 -> -24 | K24: 508391, 508392, 508393, 508394, 508395, 505692, 505693, 503030, 503031, 503032, 503033, 503034, 503035, 505053, 505054, 505055, 505056, 505057, 505058, 505059, 505060, 505061, 505062, 505063
D25: =B25-C25 -> 0
D26: =B26-C26 -> 0
D27: =B27-C27 -> 0
D28: =B28-C28 -> 0
D29: =B29-C29 -> 0
D30: =B30-C30 -> 0
D31: =B31-C31 -> 0
D32: =B32-C32 -> 0
D33: =B33-C33 -> 0
D34: =B34-C34 -> 0
D35: =B35-C35 -> 0
D36: =B36-C36 -> 0
... D44: =B44-C44 -> 0

Sheet 09.18
A1: Rotexmedica Lager | J1: Kontingent: | K1: =288+132+36+36+102 -> 594
F2: Übertrag aus Vormonat: | J2: Verfügbar: | K2: =K1-F6 -> 225
F3: ='08.18'!F6 -> 398
A4: Datum | B4: Ein- lagerung | C4: Aus- lagerung | D4: Zu- / Abgang | E4: Extra Handling | F4: Lagerbestand ist | G4: Bewegung Einlagerung | H4: Bewegung Auslagerung | J4: Summe Bewegungen | K4: EB-Nummer(n)
L5: Traffic Bewegungen : Kontingent
F6: =SUM(D:D)+F3 -> 369 | G6: =SUM(B:B) -> 108 | H6: =SUM(C:C) -> 137 | J6: =SUM(G6:H6)+SUM(E:E) -> 245 | L6: =J6/K1 -> 0.41245791
A7: 43347 | B7: 0 | C7: 5 | D7: =B7-C7 -> -5 | K7: 506445, 506446, 506447, 506448, 506449 | L7: SONDERFAHRT LKW
A8: 43347 | B8: 18 | C8: 0 | D8: =B8-C8 -> 18 | K8: 510203, 510204, 510205, 510206, 510207, 510208, 510209, 510210, 510211, 510212, 510213, 510214, 510215, 510216, 510217, 510218, 510219, 510220 | L8: i.V. mit SoFa-Anlieferung
A9: 43347 | B9: 18 | C9: 0 | D9: =B9-C9 -> 18 | K9: 510221, 510222, 510223, 510224, 510225, 510226, 510227, 510228, 510229, 510230, 510161, 510238, 510240, 510243, 510244, 510246, 510248, 510249 | L9: SONDERFAHRT LKW
A10: 43350 | B10: 0 | C10: 7 | D10: =B10-C10 -> -7 | K10: 503087, 503088, 503089, 503090, 503091, 503092, 503093 | L10: SONDERFAHRT LKW
A11: 43354 | B11: 0 | C11: 5 | D11: =B11-C11 -> -5 | K11: 504784, 504785, 504786, 498160, 504474 | L11: SONDERFAHRT LKW
A12: 43355 | B12: 0 | C12: 9 | D12: =B12-C12 -> -9 | K12: 506329, 506330, 506331, 505754, 505755, 505756, 506450, 506451, 506452
A13: 43356 | B13: 0 | C13: 1 | D13: =B13-C13 -> -1 | K13: 503412 | L13: SONDERFAHRT TRA
A14: 43357 | B14: 0 | C14: 15 | D14: =B14-C14 -> -15 | K14: 501880, 501881, 502866, 503413, 503414, 505753, 502368, 502370, 502371, 504712, 504713, 504714, 501748, 501749, 501750 | L14: SONDERFAHRT LKW
A15: 43357 | B15: 0 | C15: 2 | D15: =B15-C15 -> -2 | K15: 506453, 506454 | L15: SONDERFAHRT TRA
A16: 43360 | B16: 0 | C16: 6 | D16: =B16-C16 -> -6 | K16: 506455, 506456, 506457, 506458, 503896, 503265
A17: 43360 | B17: 0 | C17: 4 | D17: =B17-C17 -> -4 | K17: 508851, 508852, 508853, 508854 | L17: SONDERFAHRT LKW
A18: 43361 | B18: 12 | C18: 0 | D18: =B18-C18 -> 12 | K18: 511484, 511485, 511486, 511487, 511488, 511489, 511490, 511491, 511492, 511493, 511494, 511495
A19: 43361 | B19: 0 | C19: 4 | D19: =B19-C19 -> -4 | K19: 506332, 506333, 506334, 506335 | L19: SONDERFAHRT LKW
A20: 43362 | B20: 0 | C20: 25 | D20: =B20-C20 -> -25 | K20: 504796, 504797, 504798, 506459, 510161, 510203, 510204, 510205, 510206, 510207, 505022, 505023, 505024, 505025, 505026, 505027, 505028, 505029, 505030, 505031, 505032, 505033, 505034, 505035, 505036 | L20: SONDERFAHRT ZUG
A21: 43364 | B21: 0 | C21: 6 | D21: =B21-C21 -> -6 | K21: 486314, 498161, 498162, 498163, 505521, 505688
A22: 43364 | B22: 5 | C22: 0 | D22: =B22-C22 -> 5 | K22: 511700, 511701, 511702, 511703, 511704
A23: 43367 | B23: 0 | C23: 16 | D23: =B23-C23 -> -16 | K23: 509800, 509801, 509802, 508703, 508704, 508705, 504495, 504496, 508855, 508856, 508857, 505730, 505736, 506819, 506820, 506821
A24: 43368 | B24: 0 | C24: 16 | D24: =B24-C24 -> -16 | K24: 504487, 505340, 505037, 505038, 505039, 505040, 505041, 505042, 505043, 505044, 505045, 505046, 505047, 505048, 505049, 505050 | L24: SONDERFAHRT LKW
A25: 43369 | B25: 40 | C25: 0 | D25: =B25-C25 -> 40 | K25: 512073, 512074, 512075, 512076, 510615, 511907, 463709, 508109, 508110, 508111, 508112, 490880, 511637, 511638, 511639, 511640, 511641, 509237, 509238, 509239, 509240, 509241, 497763, 504713, 508974, 508975, 505065, 505066, 505067, 498828, 474889, 508515, 508205, 508206, 508207, 508208, 497035, 507108, 507109, 507110
A26: 43370 | B26: 0 | C26: 16 | D26: =B26-C26 -> -16 | K26: 482253, 509667, 505687, 505689, 505690, 508396, 508397, 508398, 508399, 508400, 508401, 508402, 508403, 508404, 508405, 508406
A27: 43370 | B27: 15 | C27: 0 | D27: =B27-C27 -> 15 | K27: 512260, 512261, 512262, 512263, 512264, 516265, 512266, 512267, 512268, 512269, 512270, 512271, 512272, 512273, 512274
D28: =B28-C28 -> 0
D29: =B29-C29 -> 0
D30: =B30-C30 -> 0
D31: =B31-C31 -> 0
D32: =B32-C32 -> 0
D33: =B33-C33 -> 0
D34: =B34-C34 -> 0
D35: =B35-C35 -> 0
D36: =B36-C36 -> 0
D37: =B37-C37 -> 0
D38: =B38-C38 -> 0
D39: =B39-C39 -> 0
... D44: =B44-C44 -> 0

Sheet 10.18
A1: Rotexmedica Lager | J1: Kontingent: | K1: =288+132+36+36+102 -> 594
F2: Übertrag aus Vormonat: | J2: Verfügbar: | K2: =K1-F6 -> 151
F3: ='09.18'!F6 -> 369
A4: Datum | B4: Ein- lagerung | C4: Aus- lagerung | D4: Zu- / Abgang | E4: Extra Handling | F4: Lagerbestand ist | G4: Bewegung Einlagerung | H4: Bewegung Auslagerung | J4: Summe Bewegungen | K4: EB-Nummer(n)
L5: Traffic Bewegungen : Kontingent
F6: =SUM(D:D)+F3 -> 443 | G6: =SUM(B:B) -> 173 | H6: =SUM(C:C) -> 99 | J6: =SUM(G6:H6)+SUM(E:E) -> 336 | L6: =J6/K1 -> 0.56565657
A7: 43378 | B7: 0 | C7: 21 | D7: =B7-C7 -> -21 | K7: 508706, 509803, 509668, 504321, 504322, 504478, 504479, 504480, 504481, 504482, 497554, 510208, 510209, 510210, 510211, 510212, 510213, 510214, 510215, 510216, 510217
A8: 43378 | B8: 0 | C8: 6 | D8: =B8-C8 -> -6 | K8: 505731, 511700, 505691, 509828, 509829, 509830 | L8: SONDERFAHRT LKW
A9: 43381 | B9: 0 | C9: 3 | D9: =B9-C9 -> -3 | K9: 505737, 511701, 509669 | L9: SONDERFAHRT Sprinter
A10: 43381 | B10: 0 | C10: 0 | D10: =B10-C10 -> 0 | E10: =33+25 -> 58 | K10: Handling Zwischenlager Block - Paletten labeln
A11: 43382 | B11: 58 | C11: 0 | D11: =B11-C11 -> 58 | K11: 512866, 512867, 512868, 512869, 512670, 512871, 512872, 512873, 512874, 512875, 512876, 512877, 512878, 512879, 512880, 512881, 512882, 512883, 512884, 512885, 512886, 512887, 512888, 512889, 512890, 512891, 512892, 512893, 512894, 512895, 512896, 512897, 512898, 512899, 512900, 512901, 512902, 512903, 512904, 512905, 512906, 512907, 512908, 512909, 512910, 512911, 512912, 512913, 512914, 512915, 512916, 512917, 512918, 512919, 512920, 512921, 512922, 512923
A12: 43383 | B12: 16 | C12: 0 | D12: =B12-C12 -> 16 | K12: 513027, 513028, 513029, 513030, 513031, 513032, 513033, 513034, 513035, 513036, 513037, 513038, 513039, 513040, 513041, 513042
A13: 43384 | B13: 0 | C13: 17 | D13: =B13-C13 -> -17 | K13: 512260, 512261, 512262, 512263, 512264, 512265, 512266, 512267, 512268, 512269, 480835, 476270, 476271, 503081, 503082, 503083, 508707
A14: 43384 | B14: 5 | C14: 5 | D14: =B14-C14 -> 0 | E14: 5 | K14: jeweils ein Muster ziehen und an Rotex: 512893, 512923, 512920, 512917, 512889 | L14: jeweils ein Muster ziehen und an Rotex
A15: 43384 | B15: 1 | C15: 1 | D15: =B15-C15 -> 0 | E15: 1 | K15: 000051 für Durchsicht durch Rotex Bereitgestellt; Ausgelagert, nachverpackt, eingelagert
A16: 43385 | B16: 13 | C16: 0 | D16: =B16-C16 -> 13 | K16: 513306, 513307, 513308, 513309, 513310, 513311, 513312, 513313, 513314, 513315, 513316, 513317, 513318
A17: 43388 | B17: 0 | C17: 3 | D17: =B17-C17 -> -3 | K17: 509831, 513027, 513028 | L17: SONDERFAHRT LKW
A18: 43388 | B18: 4 | C18: 0 | D18: =B18-C18 -> 4 | K18: 513487, 513488, 513489, 513490
A19: 43390 | B19: 0 | C19: 5 | D19: =B19-C19 -> -5 | K19: 474889, 469536, 469537, 469538, 469539 | L19: SONDERFAHRT LKW
A20: 43390 | B20: 0 | C20: 2 | D20: =B20-C20 -> -2 | K20: 486166, 509670 | L20: SONDERFAHRT Sprinter
A21: 43391 | B21: 15 | C21: 0 | D21: =B21-C21 -> 15 | K21: 513689, 513690, 513691, 513692, 513693, 513694, 513695, 513696, 513697, 513698, 513699, 513700, 513701, 513702, 513703
A22: 43392 | B22: 0 | C22: 14 | D22: =B22-C22 -> -14 | K22: 505351, 509804, 500933, 509832, 509833, 510218, 510219, 510220, 510221, 510222, 510223, 510224, 506336, 503897 | L22: SONDERFAHRT LKW
A23: 43392 | B23: 20 | C23: 0 | D23: =B23-C23 -> 20 | K23: 513768, 513769, 513770, 513771, 513772, 513773, 513774, 513775, 513776, 513777, 513778, 513779, 513780, 513781, 513782, 513783, 513784, 513786, 513787, 513788
A24: 43396 | B24: 10 | C24: 0 | D24: =B24-C24 -> 10 | K24: 514866, 514867, 514868, 514869, 514870, 514871, 514872, 000041, 000061, 000062
A25: 43398 | B25: 0 | C25: 7 | D25: =B25-C25 -> -7 | K25: 505353, 505352, 508708, 505732, 505738, 505739, 509805 | L25: SONDERFAHRT LKW
A26: 43398 | B26: 0 | C26: 2 | D26: =B26-C26 -> -2 | K26: 506822, 506823 | L26: SONDERFAHRT Sprinter
A27: 43398 | B27: 4 | C27: 0 | D27: =B27-C27 -> 4 | K27: 515076, 515077, 515074, 515075
A28: 43399 | B28: 13 | C28: 0 | D28: =B28-C28 -> 13 | K28: 515220, 515221, 515222, 515223, 515224, 515225, 515212, 515213, 515214, 515215, 515206, 515207, 515208
A29: 43402 | B29: 0 | C29: 8 | D29: =B29-C29 -> -8 | K29: 506337, 506338, 506339, 505757, 505758, 503898, 484543, 491589 | L29: SONDERFAHRT LKW
A30: 43402 | B30: 14 | C30: 0 | D30: =B30-C30 -> 14 | K30: 512458, 512459, 515238, 515239, 515240, 515241, 515242, 515243, 515244, 515298, 515299, 515300, 515301, 515302
A31: 43403 | B31: 0 | C31: 5 | D31: =B31-C31 -> -5 | K31: 509237, 509238, 509239, 509240, 509241
D32: =B32-C32 -> 0
D33: =B33-C33 -> 0
D34: =B34-C34 -> 0
D35: =B35-C35 -> 0
D36: =B36-C36 -> 0
D37: =B37-C37 -> 0
D38: =B38-C38 -> 0
D39: =B39-C39 -> 0
D40: =B40-C40 -> 0
D41: =B41-C41 -> 0
D42: =B42-C42 -> 0
D43: =B43-C43 -> 0
D44: =B44-C44 -> 0

Sheet 11.18
A1: Rotexmedica Lager | J1: Kontingent: | K1: =288+132+36+36+102 -> 594
F2: Übertrag aus Vormonat: | J2: Verfügbar: | K2: =K1-F6 -> 92
F3: ='10.18'!F6 -> 443
A4: Datum | B4: Ein- lagerung | C4: Aus- lagerung | D4: Zu- / Abgang | E4: Extra Handling | F4: Lagerbestand ist | G4: Bewegung Einlagerung | H4: Bewegung Auslagerung | J4: Summe Bewegungen | K4: EB-Nummer(n)
L5: Traffic Bewegungen : Kontingent
F6: =SUM(D:D)+F3 -> 502 | G6: =SUM(B:B) -> 191 | H6: =SUM(C:C) -> 132 | J6: =SUM(G6:H6)+SUM(E:E) -> 400 | L6: =J6/K1 -> 0.67340067
A7: 43405 | B7: 0 | C7: 15 | D7: =B7-C7 -> -15 | K7: 511907, 513487, 504323, 504324, 513029, 505051, 505052, 507928, 507929, 507930, 507931, 507932, 507933, 507934, 507935 | L7: SONDERFAHRT LKW
A8: 43406 | B8: 0 | C8: 0 | D8: =B8-C8 -> 0 | E8: 9 | K8: Handling Zwischenlager Block - Paletten labeln | L8: direktanlieferung
A9: 43406 | B9: 0 | C9: 18 | D9: =B9-C9 -> -18 | K9: 512866, 512867, 512868, 512869, 512870, 512871, 512872, 512873, 512874, 512875, 512876, 512877, 512878, 512879, 512880, 512881, 512882, ArbKor
A10: 43406 | B10: 32 | C10: 0 | D10: =B10-C10 -> 32 | K10: 515661, 515662, 515663, 515664, 515665, 515666, 515667, 515668, 515669, 515670, 515671, 515672, 515658, 515659, 515660, 515673, 515674, 515675, 515676, 515677, 515678, 515679, 515680, 515681, 515682, 515683, 515684, 515685, 515686, 515687, 515688, 513029
A11: 43406 | B11: 9 | C11: 0 | D11: =B11-C11 -> 9 | K11: 515702, 515701, 515700, 515699, 515698, 515697, 515696, 515695, 515694 | L11: Einlagerung aus Direktanlieferung
A12: 43410 | B12: 0 | C12: 12 | D12: =B12-C12 -> -12 | K12: 508974, 508975, 513029, 515658, 515659, 515660, 497555, 513306, 513307, 513308, 512458, 512459
A13: 43410 | B13: 1 | C13: 0 | D13: =B13-C13 -> 1 | K13: ArbKor
A14: 43413 | B14: 0 | C14: 23 | D14: =B14-C14 -> -23 | K14: 512270, 512271, 512272, 512273, 512274, 508205, 508206, 515077, 497032, 513038, 513039, 513040, 513041, 513042, 487928, 512883, 512884, 512885, 512886, 512887, 512888, 512889, 512890
A15: 43416 | B15: 0 | C15: 0 | D15: =B15-C15 -> 0 | E15: 33 | K15: Handling Zwischenlager Block - Paletten labeln | L15: direktanlieferung
A16: 43416 | B16: 0 | C16: 11 | D16: =B16-C16 -> -11 | K16: 513309, 513310, 513311, 513312, 513313, 509806, 509814, 508709, 508710, 505733, 515212 | L16: SONDERFAHRT LKW
A17: 43416 | B17: 5 | C17: 0 | D17: =B17-C17 -> 5 | K17: 517145, 517147, 517149, 517151, 517152
A18: 43416 | B18: 33 | C18: 0 | D18: =B18-C18 -> 33 | K18: 517167, 517168, 517169, 517170, 517171, 517172, 517173, 517174, 517175, 517176, 517177, 517178, 517179, 517180, 517181, 517182, 517183, 517184, 517185, 517186, 517187, 517188, 517189, 517190, 517191, 517192, 517193, 517194, 517195, 517196, 517197, 517198, 517199
A19: 43416 | B19: 0 | C19: 0 | D19: =B19-C19 -> 0 | E19: 6 | K19: MUSTER ziehen (je 1 Colli) von folgenden Pal: 517169, 517172, 517175, 517178, 517181, 517184
A20: 43417 | B20: 7 | C20: 0 | D20: =B20-C20 -> 7 | K20: 517367, 517368, 517369, 517370, 517371, 517372, 517373 | L20: SONDERFAHRT LKW
A21: 43418 | B21: 0 | C21: 19 | D21: =B21-C21 -> -19 | K21: 506262, 506263, 515206, 515207, 515208, 513314, 513315, 513316, 513317, 513318, 514866, 514867, 514868, 514869, 514870, 514871, 514872, 000041, 000062 | L21: SONDERFAHRT LKW
A22: 43425 | B22: 0 | C22: 0 | D22: =B22-C22 -> 0 | E22: 29 | K22: Handling Zwischenlager Block - Paletten labeln | L22: direktanlieferung
A23: 43425 | B23: 29 | C23: 0 | D23: =B23-C23 -> 29 | K23: 517941, 517942, 517943, 517944, 517945, 517946, 517947, 517948, 517949, 517950, 517951, 517952, 517953, 517954, 517955, 517956, 517957, 517958, 517959, 517560, 517561, 517962, 517963, 517694, 517965, 517966, 517967, 517968, 517969 | L23: Einlagerung aus Direktanlieferung
A24: 43427 | B24: 0 | C24: 13 | D24: =B24-C24 -> -13 | K24: 515298, 515299, 513030, 513031, 513032, 513033, 513034, 511637, 511638, 511639, 511640, 511641, 496525
A25: 43427 | B25: 0 | C25: 2 | D25: =B25-C25 -> -2 | K25: 515673, 515674 | L25: SONDERFAHRT TRA
A26: 43427 | B26: 0 | C26: 4 | D26: =B26-C26 -> -4 | K26: 509807, 509808, 515675, 515676 | L26: SONDERFAHRT LKW
A27: 43431 | B27: 0 | C27: 14 | D27: =B27-C27 -> -14 | K27: 509809, 509810, 515677, 515678, 515679, 515680, 515681, 515682, 515683, 515684, 515685, 515686, 515687, 515688 | L27: SONDERFAHRT LKW
A28: 43431 | B28: 32 | C28: 0 | D28: =B28-C28 -> 32 | K28: 518374, 518375, 518376, 518377, 518379, 518380, 518381, 518393, 518394, 518395, 518396, 518397, 518398, 514866, 514867, 518382, 514868, 514869, 514870, 514871, 517060, 517061, 517062, 517063, 517064, 517065, 517066, 517067, 517068, 517069, 517070, 517071
A29: 43432 | B29: 0 | C29: 1 | D29: =B29-C29 -> -1 | K29: 513488 | L29: SONDERFAHRT TRA
A30: 43432 | B30: 43 | C30: 0 | D30: =B30-C30 -> 43 | K30: 516117, 516118, 516119, 516120, 516121, 516122, 518503, 518504, 518505, 518506, 518507, 518508, 511995, 511996, 512305, 512306, 512307, 512308, 510222, 510223, 510224, 480833, 480834, 480835, 505757, 505758, 503897, 503898, 480453, 507233, 515094, 508531, 516620, 516621, 516623, 516624, 516635, 516636, 508241, 506337, 506338, 506339, 490505
D31: =B31-C31 -> 0
D32: =B32-C32 -> 0
D33: =B33-C33 -> 0
D34: =B34-C34 -> 0
D35: =B35-C35 -> 0
D36: =B36-C36 -> 0
D37: =B37-C37 -> 0
D38: =B38-C38 -> 0
D39: =B39-C39 -> 0
D40: =B40-C40 -> 0
D41: =B41-C41 -> 0
D42: =B42-C42 -> 0
... D44: =B44-C44 -> 0

Sheet 12.18
A1: Rotexmedica Lager | J1: Kontingent: | K1: =288+132+36+36+102 -> 594
F2: Übertrag aus Vormonat: | J2: Verfügbar: | K2: =K1-F6 -> 113
F3: ='11.18'!F6 -> 502
A4: Datum | B4: Ein- lagerung | C4: Aus- lagerung | D4: Zu- / Abgang | E4: Extra Handling | F4: Lagerbestand ist | G4: Bewegung Einlagerung | H4: Bewegung Auslagerung | J4: Summe Bewegungen | K4: EB-Nummer(n)
L5: Traffic Bewegungen : Kontingent
F6: =SUM(D:D)+F3 -> 481 | G6: =SUM(B:B) -> 41 | H6: =SUM(C:C) -> 62 | J6: =SUM(G6:H6)+SUM(E:E) -> 552 | L6: =J6/K1 -> 0.92929293
A7: 43437 | B7: 0 | C7: 16 | D7: =B7-C7 -> -16 | K7: 515300, 515301, 515302, 509811, 509812, 509813, 515220, 515221, 508711, 513035, 513036, 513037, 515661, 515662, 515663, 515664
A8: 43438 | B8: 0 | C8: 1 | D8: =B8-C8 -> -1 | K8: 516636 | L8: SONDERFAHRT TRA
A9: 43438 | B9: 12 | C9: 0 | D9: =B9-C9 -> 12 | K9: 518899, 518900, 518901, 518902, 518903, 518904, 518905, 518906, 518907, 518908, 518909, 518910
A10: 43441 | B10: 0 | C10: 17 | D10: =B10-C10 -> -17 | K10: 515694, 515695, 515665, 515666, 515667, 515668, 515669, 515670, 515671, 515672, 507144, 507145, 507146, 507147, 507148, 507149, 507150
A11: 43441 | B11: 12 | C11: 0 | D11: =B11-C11 -> 12 | K11: 519110, 519111, 519112, 519113, 519114, 519115, 519116, 519117, 519118, 519119, 519120, 519121
A12: 43441 | B12: 0 | C12: 0 | D12: =B12-C12 -> 0 | E12: 449 | K12: Inventur 449 Pal. lt. Zählliste (Abgleich Material/eb-Nr/Stückzahl lt. Fahrbefehl)
A13: 43448 | B13: 0 | C13: 5 | D13: =B13-C13 -> -5 | K13: 518899, 518900, 518901, 508207, 508208 | L13: SONDERFAHRT LKW
A14: 43448 | B14: 0 | C14: 6 | D14: =B14-C14 -> -6 | K14: 505734, 505735, 515224, 515225, 515696, 515697
A15: 43448 | B15: 3 | C15: 0 | D15: =B15-C15 -> 3 | K15: 519352, 519353, 519354
A16: 43452 | B16: 0 | C16: 8 | D16: =B16-C16 -> -8 | K16: 515698, 515699, 515700, 515701, 515702, 509671, 513489, 513490
A17: 43455 | B17: 0 | C17: 9 | D17: =B17-C17 -> -9 | K17: 513780, 513781, 513782, 513783, 513784, 510615, 518902, 518903, 518904
A18: 43462 | B18: 14 | C18: 0 | D18: =B18-C18 -> 14 | K18: 519900, 519901, 519902, 519903, 519961, 519967, 519968, 519969, 519970, 519971, 519972, 519973, 519974, 519975
D19: =B19-C19 -> 0
D20: =B20-C20 -> 0
D21: =B21-C21 -> 0
D22: =B22-C22 -> 0
D23: =B23-C23 -> 0
D24: =B24-C24 -> 0
D25: =B25-C25 -> 0
D26: =B26-C26 -> 0
D27: =B27-C27 -> 0
D28: =B28-C28 -> 0
D29: =B29-C29 -> 0
D30: =B30-C30 -> 0
... D44: =B44-C44 -> 0

Sheet 01.19
A1: Rotexmedica Lager | J1: Kontingent: | K1: =288+132+36+36+102 -> 594
F2: Übertrag aus Vormonat: | J2: Verfügbar: | K2: =K1-F6 -> 130
F3: ='12.18'!F6 -> 481
A4: Datum | B4: Ein- lagerung | C4: Aus- lagerung | D4: Zu- / Abgang | E4: Extra Handling | F4: Lagerbestand ist | G4: Bewegung Einlagerung | H4: Bewegung Auslagerung | J4: Summe Bewegungen | K4: EB-Nummer(n)
L5: Traffic Bewegungen : Kontingent
F6: =SUM(D:D)+F3 -> 464 | G6: =SUM(B:B) -> 4 | H6: =SUM(C:C) -> 21 | J6: =SUM(G6:H6)+SUM(E:E) -> 29 | L6: =J6/K1 -> 0.048821549
A7: 43475 | B7: 1 | C7: 1 | D7: =B7-C7 -> 0 | E7: 1 | K7: Eb0000026 Auslagern-Bereitstellen; Neuverpacken; Einlagern | L7: zur Bearbeitung durch Hr.Ihde bereitstellen und danach wieder einlagern
A8: 43476 | B8: 3 | C8: 3 | D8: =B8-C8 -> 0 | E8: 3 | K8: 519354, 373323, 373324 | L8: (Muster ziehen) lt. Email 11.01.19
A9: 43483 | B9: 0 | C9: 10 | D9: =B9-C9 -> -10 | K9: 511702, 515074, 515075, 515076, 492192, 510222, 505758, 505759, 506337, 506338 | L9: SONDRFAHRT LKW
A10: 43494 | B10: 0 | C10: 5 | D10: =B10-C10 -> -5 | K10: 513689, 513690, 513691, 513692, 519900 | L10: *
A11: 43496 | B11: 0 | C11: 2 | D11: =B11-C11 -> -2 | K11: 519967, 519968 | L11: *
L12: *
D13: =B13-C13 -> 0 | L13: *
D14: =B14-C14 -> 0 | L14: *
D15: =B15-C15 -> 0 | L15: *
D16: =B16-C16 -> 0 | L16: *
D17: =B17-C17 -> 0 | L17: *
D18: =B18-C18 -> 0 | L18: *
D19: =B19-C19 -> 0 | L19: *
D20: =B20-C20 -> 0 | L20: *
D21: =B21-C21 -> 0 | L21: *
D22: =B22-C22 -> 0 | L22: *
D23: =B23-C23 -> 0 | L23: *
D24: =B24-C24 -> 0 | L24: *
D25: =B25-C25 -> 0 | L25: *
D26: =B26-C26 -> 0
D27: =B27-C27 -> 0
D28: =B28-C28 -> 0
D29: =B29-C29 -> 0
D30: =B30-C30 -> 0
D31: =B31-C31 -> 0
D32: =B32-C32 -> 0
D33: =B33-C33 -> 0
D34: =B34-C34 -> 0
D35: =B35-C35 -> 0
D36: =B36-C36 -> 0
D37: =B37-C37 -> 0
... D44: =B44-C44 -> 0

Sheet 02.19
A1: Rotexmedica Lager | J1: Kontingent: | K1: =288+132+36+36+102 -> 594
F2: Übertrag aus Vormonat: | J2: Verfügbar: | K2: =K1-F6 -> 103
F3: ='01.19'!F6 -> 464
A4: Datum | B4: Ein- lagerung | C4: Aus- lagerung | D4: Zu- / Abgang | E4: Extra Handling | F4: Lagerbestand ist | G4: Bewegung Einlagerung | H4: Bewegung Auslagerung | J4: Summe Bewegungen | K4: EB-Nummer(n)
L5: Traffic Bewegungen : Kontingent
F6: =SUM(D:D)+F3 -> 491 | G6: =SUM(B:B) -> 63 | H6: =SUM(C:C) -> 36 | J6: =SUM(G6:H6)+SUM(E:E) -> 99 | L6: =J6/K1 -> 0.16666667
A7: 43496 | B7: 8 | C7: 0 | D7: =B7-C7 -> 8 | K7: 521292, 521293, 521294, 521295, 521296, 521297, 521298, 521299
A8: 43501 | B8: 0 | C8: 6 | D8: =B8-C8 -> -6 | K8: 495334, 505757, 505760, 505761, 506339, 506341
A9: 43504 | B9: 0 | C9: 10 | D9: =B9-C9 -> -10 | K9: 515222, 515223, 502878, 502879, 498510, 598511, 498512, 498513, 498514, 498515
A10: 43504 | B10: 16 | C10: 0 | D10: =B10-C10 -> 16 | K10: 508326, 508327, 508328, 508329, 521532, 521533, 521534, 521535, 521537, 521542, 000063, 000064, 000065, 000066, 000067, 000068
A11: 43511 | B11: 0 | C11: 2 | D11: =B11-C11 -> -2 | K11: 519961, 519969
A12: 43511 | B12: 10 | C12: 0 | D12: =B12-C12 -> 10 | K12: 521979, 521980, 521981, 521982, 521983, 521984, 521985, 521986, 521987, 521988
A13: 43511 | B13: 5 | C13: 0 | D13: =B13-C13 -> 5 | K13: 522062, 522061, 522060, 522059, 522058
A14: 43516 | B14: 14 | C14: 0 | D14: =B14-C14 -> 14 | K14: 522273, 522274, 522275, 522276, 522277, 522278, 522279, 522280, 522281, 522282, 000069, 000070, 000071, 000072
A15: 43522 | B15: 0 | C15: 18 | D15: =B15-C15 -> -18 | K15: 506342, 506344, 506346, 511484, 511485, 511486, 511487, 511488, 511489, 505762, 508989, 508990, 508991, 508992, 508993, 513693, 513694, 513695
A16: 43522 | B16: 10 | C16: 0 | D16: =B16-C16 -> 10 | K16: 522441, 522442, 522443, 522444, 522445, 522446, 522447, 522448, 522449, 522450
D17: =B17-C17 -> 0
D18: =B18-C18 -> 0
D19: =B19-C19 -> 0
D20: =B20-C20 -> 0
D21: =B21-C21 -> 0
D22: =B22-C22 -> 0
D23: =B23-C23 -> 0
D24: =B24-C24 -> 0
D25: =B25-C25 -> 0
D26: =B26-C26 -> 0
D27: =B27-C27 -> 0
D28: =B28-C28 -> 0
... D44: =B44-C44 -> 0

Sheet 03.19
A1: Rotexmedica Lager | J1: Kontingent: | K1: =288+132+36+36+102 -> 594
F2: Übertrag aus Vormonat: | J2: Verfügbar: | K2: =K1-F6 -> 141
F3: ='02.19'!F6 -> 491
A4: Datum | B4: Ein- lagerung | C4: Aus- lagerung | D4: Zu- / Abgang | E4: Extra Handling | F4: Lagerbestand ist | G4: Bewegung Einlagerung | H4: Bewegung Auslagerung | J4: Summe Bewegungen | K4: EB-Nummer(n)
L5: Traffic Bewegungen : Kontingent
F6: =SUM(D:D)+F3 -> 453 | G6: =SUM(B:B) -> 67 | H6: =SUM(C:C) -> 105 | J6: =SUM(G6:H6)+SUM(E:E) -> 172 | L6: =J6/K1 -> 0.28956229
A7: 43525 | B7: 0 | C7: 15 | D7: =B7-C7 -> -15 | K7: 519970, 511490, 519901, 490505, 510238, 510240, 510243, 510244, 510246, 510248, 510249, 510223, 510224, 510225, 510226
A8: 43525 | B8: 0 | C8: 4 | D8: =B8-C8 -> -4 | K8: 502173, 448164, 519903, 519902 | L8: SONDERFAHRT LKW
A9: 43525 | B9: 8 | C9: 0 | D9: =B9-C9 -> 8 | K9: 522704, 522705, 522706, 522707, 522708, 522709, 522710, 522711
A10: 43531 | B10: 25 | C10: 0 | D10: =B10-C10 -> 25 | K10: 522882, 522883, 522884, 522885, 522886, 522889, 522891, 522894, 522895, 522896, 522897, 522898, 522899, 522901, 522902, 522903, 522904, 522905, 522906, 522909, 522910, 522911, 522912, 522913, 522914
A11: 43535 | B11: 9 | C11: 0 | D11: =B11-C11 -> 9 | K11: 523041, 523042, 523043, 523044, 523045, 523046, 523047, 523048, 523049
A12: 43536 | B12: 0 | C12: 4 | D12: =B12-C12 -> -4 | K12: 540717, 504718, 504719, 504720
A13: 43536 | B13: 19 | C13: 0 | D13: =B13-C13 -> 19 | K13: 523100, 523102, 523103, 523104, 523107, 523108, 523110, 523112, 523115, 523116, 523117, 523118, 523119, 523164, 523165, 523166, 523167, 523168, 523169
A14: 43538 | B14: 0 | C14: 3 | D14: =B14-C14 -> -3 | K14: 507108, 507109, 507110 | L14: SONDERFAHRT TRA
A15: 43539 | B15: 0 | C15: 25 | D15: =B15-C15 -> -25 | K15: 518905, 518906, 518907, 518908, 518909, 518910, 508515, 513696, 513697, 513698, 513699, 513700, 513701, 513702, 513703, 518503, 518504, 518505, 518506, 518507, 518508, 509672, 516620, 511703, 511704
A16: 43543 | B16: 5 | C16: 5 | D16: =B16-C16 -> 0 | K16: Chagennummern abgleichen: 508994, 508995, 508996, 508997, 508998 | L16: lt. Telef./Email Herr Heinrich am 19.03.19
A17: 43543 | B17: 0 | C17: 1 | D17: =B17-C17 -> -1 | K17: 508996 | L17: Eb-Nummer vernichten; Austauschen mit 523541
A18: 43543 | B18: 1 | C18: 0 | D18: =B18-C18 -> 1 | K18: 523541
A19: 43545 | B19: 0 | C19: 3 | D19: =B19-C19 -> -3 | K19: 516621, 516623, 523041
A20: 43546 | B20: 0 | C20: 17 | D20: =B20-C20 -> -17 | K20: 514869, 514868, 514870, 517062, 517063, 517060, 517065, 517061, 517064, 517066, 514871, 511996, 511995, 517067, 517068, 514867, 514866
A21: 43549 | B21: 0 | C21: 16 | D21: =B21-C21 -> -16 | K21: 497557, 521983, 521982, 521981, 521980, 521979, 497556, 504475, 504477, 504476, 523042, 523100, 505067, 505066, 498828, 505065
A22: 43550 | B22: 0 | C22: 12 | D22: =B22-C22 -> -12 | K22: 503897, 503898, 508858, 508859, 518393, 518394, 518395, 521292, 521293, 523043, 523102, 523103 | L22: SONDERFAHRT LKW
D23: =B23-C23 -> 0
D24: =B24-C24 -> 0
D25: =B25-C25 -> 0
D26: =B26-C26 -> 0
D27: =B27-C27 -> 0
D28: =B28-C28 -> 0
D29: =B29-C29 -> 0
D30: =B30-C30 -> 0
D31: =B31-C31 -> 0
D32: =B32-C32 -> 0
D33: =B33-C33 -> 0
D34: =B34-C34 -> 0
... D44: =B44-C44 -> 0

Sheet 04.19
A1: Rotexmedica Lager | J1: Kontingent: | K1: =288+132+36+36+102 -> 594
F2: Übertrag aus Vormonat: | J2: Verfügbar: | K2: =K1-F6 -> 154
F3: ='03.19'!F6 -> 453
A4: Datum | B4: Ein- lagerung | C4: Aus- lagerung | D4: Zu- / Abgang | E4: Extra Handling | F4: Lagerbestand ist | G4: Bewegung Einlagerung | H4: Bewegung Auslagerung | J4: Summe Bewegungen | K4: EB-Nummer(n)
L5: Traffic Bewegungen : Kontingent
F6: =SUM(D:D)+F3 -> 440 | G6: =SUM(B:B) -> 60 | H6: =SUM(C:C) -> 73 | J6: =SUM(G6:H6)+SUM(E:E) -> 159 | L6: =J6/K1 -> 0.26767677
A7: 43557 | B7: 0 | C7: 31 | D7: =B7-C7 -> -31 | K7: 511493, 511492, 519112, 519111, 519110, 519971, 000040, 510227, 510228, 510229, 510230, 512891, 512892, 512893, 512894, 512895, 512896, 512897, 498516, 515238, 521987, 521986, 521985, 521984, 508995, 511495, 511494, 508994, 503899, 511491, ArbKor
A8: 43557 | B8: 2 | C8: 0 | D8: =B8-C8 -> 2 | K8: 524219, 524220
A9: 43558 | B9: 13 | C9: 0 | D9: =B9-C9 -> 13 | K9: 521425, 521529, 522010, 524294, 524295, 524296, 524297, 524298, 505733, 505734, 505735, 469538, 469539
A10: 43564 | B10: 0 | C10: 15 | D10: =B10-C10 -> -15 | K10: 515239, 512898, 512899, 512900, 512901, 512902, 512903, 512904, 512905, 512906, 518374, 515240, 522058, 508997, 508998 | L10: Sonderfahrt LKW
A11: 43564 | B11: 14 | C11: 0 | D11: =B11-C11 -> 14 | K11: 524648, 524649, 524650, 524651, 524652, 524653, 524654, 524655, 524656, 524657, 524658, 524659, 524660, 524661
A12: 43570 | B12: 0 | C12: 0 | D12: =B12-C12 -> 0 | E12: 26 | K12: Handling Zwischenlager Block - Paletten labeln | L12: direktanlieferung
A13: 43570 | B13: 26 | C13: 0 | D13: =B13-C13 -> 26 | K13: 524939, 524940, 524641, 524942, 524943, 524944, 524945, 524946, 524947, 524948, 524949, 524950, 524951, 524952, 524953, 524954, 524955, 524956, 524957, 524958, 524959, 524960, 524961, 524962, 524963, 524964 | L13: einlagerung aus direktanlieferung
A14: 43571 | B14: 0 | C14: 12 | D14: =B14-C14 -> -12 | K14: 512907, 512908, 512909, 512910, 512911, 515241, 515242, 516624, 523044, 503900, 524648, 524649
A15: 43571 | B15: 5 | C15: 0 | D15: =B15-C15 -> 5 | K15: 524681, 524682, 524683, 524684, 524685
A16: 43573 | B16: 0 | C16: 12 | D16: =B16-C16 -> -12 | K16: 522273, 522274, 522275, 522276, 522277, 522278, 522279, 522280, 522281, 522282, 519972, 519973
A17: 43581 | B17: 0 | C17: 3 | D17: =B17-C17 -> -3 | K17: 521988, 522441, 471870
D18: =B18-C18 -> 0
D19: =B19-C19 -> 0
D20: =B20-C20 -> 0
D21: =B21-C21 -> 0
D22: =B22-C22 -> 0
D23: =B23-C23 -> 0
D24: =B24-C24 -> 0
D25: =B25-C25 -> 0
D26: =B26-C26 -> 0
D27: =B27-C27 -> 0
D28: =B28-C28 -> 0
D29: =B29-C29 -> 0
... D44: =B44-C44 -> 0

Sheet 05.19
A1: Rotexmedica Lager | J1: Kontingent: | K1: =288+132+36+36+102 -> 594
F2: Übertrag aus Vormonat: | J2: Verfügbar: | K2: =K1-F6 -> 114
F3: ='04.19'!F6 -> 440
A4: Datum | B4: Ein- lagerung | C4: Aus- lagerung | D4: Zu- / Abgang | E4: Extra Handling | F4: Lagerbestand ist | G4: Bewegung Einlagerung | H4: Bewegung Auslagerung | J4: Summe Bewegungen | K4: EB-Nummer(n)
L5: Traffic Bewegungen : Kontingent
F6: =SUM(D:D)+F3 -> 480 | G6: =SUM(B:B) -> 114 | H6: =SUM(C:C) -> 74 | J6: =SUM(G6:H6)+SUM(E:E) -> 209 | L6: =J6/K1 -> 0.35185185
A7: 43592 | B7: 0 | C7: 17 | D7: =B7-C7 -> -17 | K7: 518382, 515243, 515244, 521295, 521294, 519975, 519974, 518379, 517145, 518380, 518381, 518375, 518377, 518376, 517147, 517149, 523541
A8: 43592 | B8: 9 | C8: 0 | D8: =B8-C8 -> 9 | K8: 525520, 525521, 525522, 525523, 525526, 525527, 525528, 525529, 525531
A9: 43593 | B9: 1 | C9: 1 | D9: =B9-C9 -> 0 | E9: 1 | K9: 524939 (Muster ziehen)
A10: 43593 | B10: 15 | C10: 0 | D10: =B10-C10 -> 15 | K10: 525938, 525939, 525940, 525941, 525942, 525943, 525944, 525945, 525946, 525947, 525948, 525949, 525950, 525951, 525952
A11: 43598 | B11: 0 | C11: 0 | D11: =B11-C11 -> 0 | E11: 20 | K11: Handling Zwischenlager Block - Paletten labeln | L11: direktanlieferung
A12: 43599 | B12: 20 | C12: 0 | D12: =B12-C12 -> 20 | K12: 526234, 526235, 526236, 526237, 526240, 526241, 526242, 526243, 526244, 526245, 526246, 526247, 526248, 526249, 526250, 526251, 526252, 526253, 526254, 526255 | L12: einlagerung aus direktanlieferung
A13: 43602 | B13: 0 | C13: 20 | D13: =B13-C13 -> -20 | K13: 522882, 517151, 517152, 522883, 512912, 512913, 512914, 512915, 512916, 512917, 512918, 512919, 512920, 512921, 521296, 503902, 503903, 502901, 522442, 522443
A14: 43602 | B14: 34 | C14: 0 | D14: =B14-C14 -> 34 | K14: 526416, 526417, 526418, 526419, 526439, 526440, 526441, 526442, 526443, 526444, 526445, 526446, 526514, 526515, 526517, 526518, 526519, 526520, 526521, 526522, 526523, 523363, 523364, 523365, 523366, 523367, 523368, 523015, 520790, 518387, 522272, 511635, 476270, 476271
A15: 43606 | B15: 24 | C15: 0 | D15: =B15-C15 -> 24 | K15: 526746, 526749, 526751, 526753, 526755, 526756, 526757, 526758, 526759, 526760, 526761, 526762, 526763, 526764, 526765, 526779, 526780, 526781, 526782, 526783, 526784, 526785, 526786, 526787
A16: 43608 | B16: 0 | C16: 12 | D16: =B16-C16 -> -12 | K16: 522444, 522445, 522446, 522447, 508241, 480453, 480833, 000066, 480834, 480835, 525520, 525521
A17: 43609 | B17: 0 | C17: 6 | D17: =B17-C17 -> -6 | K17: 508860, 508861, 526439, 515213, 515214, 515215 | L17: SONDERFAHRT LKW
A18: 43616 | B18: 0 | C18: 18 | D18: =B18-C18 -> -18 | K18: 522448, 522449, 522450, 523104, 523107, 516635, 517069, 517070, 517071, 517941, 517942, 517943, 517944, 517945, 517946, 517947, 517948, 517949
A19: 43616 | B19: 11 | C19: 0 | D19: =B19-C19 -> 11 | K19: 527248, 527249, 527250, 527251, 527252, 527037, 527038, 527039, 527040, 527041, 527042
D20: =B20-C20 -> 0
D21: =B21-C21 -> 0
D22: =B22-C22 -> 0
D23: =B23-C23 -> 0
D24: =B24-C24 -> 0
D25: =B25-C25 -> 0
D26: =B26-C26 -> 0
D27: =B27-C27 -> 0
D28: =B28-C28 -> 0
D29: =B29-C29 -> 0
D30: =B30-C30 -> 0
D31: =B31-C31 -> 0
... D44: =B44-C44 -> 0

Sheet 06.19
A1: Rotexmedica Lager | J1: Kontingent: | K1: =288+132+36+36+102 -> 594
F2: Übertrag aus Vormonat: | J2: Verfügbar: | K2: =K1-F6 -> 109
F3: ='05.19'!F6 -> 480
A4: Datum | B4: Ein- lagerung | C4: Aus- lagerung | D4: Zu- / Abgang | E4: Extra Handling | F4: Lagerbestand ist | G4: Bewegung Einlagerung | H4: Bewegung Auslagerung | J4: Summe Bewegungen | K4: EB-Nummer(n)
L5: Traffic Bewegungen : Kontingent
F6: =SUM(D:D)+F3 -> 485 | G6: =SUM(B:B) -> 105 | H6: =SUM(C:C) -> 100 | J6: =SUM(G6:H6)+SUM(E:E) -> 205 | L6: =J6/K1 -> 0.34511785
A7: 43620 | B7: 0 | C7: 8 | D7: =B7-C7 -> -8 | K7: 450797, 518384, 497035, 463265, 517950, 517951, 517952, 517953
A8: 43620 | B8: 15 | C8: 0 | D8: =B8-C8 -> 15 | K8: 527378, 527379, 527380, 527381, 527382, 527383, 527384, 527385, 527386, 527387, 527388, 527389, 527390, 527391, 527392
A9: 43621 | B9: 0 | C9: 6 | D9: =B9-C9 -> -6 | K9: 525938, 525939, 525940, 525941, 525942, 525943 | L9: SONDERFAHRT 2019/221
A10: 43622 | B10: 0 | C10: 6 | D10: =B10-C10 -> -6 | K10: 489224, 524681, 584682, 584683, 584684, 584685 | L10: SONDERFAHRT 2019/222
A11: 43623 | B11: 0 | C11: 17 | D11: =B11-C11 -> -17 | K11: 512922, 512923, 517167, 517168, 517169, 517170, 517171, 517172, 517173, 522884, 522885, 527248, 527249, 525522, 525523, 521297, 521298
A12: 43630 | B12: 0 | C12: 14 | D12: =B12-C12 -> -14 | K12: 525944, 527250, 527251, 527252, 517175, 517176, 517177, 517178, 517179, 517180, 518181, 522886, 522889, 522891
A13: 43630 | B13: 9 | C13: 0 | D13: =B13-C13 -> 9 | K13: 527921, 527922, 527923, 527924, 527925, 527926, 527927, 527928, 527929
A14: 43635 | B14: 25 | C14: 0 | D14: =B14-C14 -> 25 | K14: 528119, 528120, 528121, 528122, 528123, 528124, 528125, 528126, 528127, 528128, 528129, 528130, 528131, 528132, 528133, 528134, 528135, 528136, 528137, 528138, 528139, 528140, 528141, 528142, 528143
A15: 43635 | B15: 0 | C15: 1 | D15: =B15-C15 -> -1 | K15: 497763 | L15: SONDERFAHRT 2019/248-1
A16: 43636 | B16: 0 | C16: 16 | D16: =B16-C16 -> -16 | K16: 513768, 505733, 505734, 505735, 524650, 524651, 524652, 524653, 524654, 524655, 524656, 524657, 525526, 525527, 525528, 525529 | L16: SONDERFAHRT 2019/248-2
A17: 43640 | B17: 0 | C17: 9 | D17: =B17-C17 -> -9 | K17: 496524, 512305, 512306, 512307, 512308, 526779, 526780, 521299, 525531 | L17: SONDERFAHRT 2019/261-1
A18: 43640 | B18: 15 | C18: 0 | D18: =B18-C18 -> 15 | K18: 528481, 528482, 528483, 528484, 528485, 528486, 528487, 528488, 528489, 528490, 528492, 528493, 528494, 528495, 528496
A19: 43641 | B19: 16 | C19: 0 | D19: =B19-C19 -> 16 | K19: 525841, 527253, 527254, 527255, 527256, 527257, 527370, 527371, 527372, 528530, 528531, 528532, 528533, 528534, 528535, 528536
A20: 43642 | B20: 23 | C20: 0 | D20: =B20-C20 -> 23 | K20: 525048, 502173, 520794, 527800, 527801, 520791, 527537, 519111, 527542, 524372, 524667, 523669, 527697, 527698, 527699, 527700, 526775, 526776, 526777, 526778, 528603, 528607, 528608
A21: 43643 | B21: 0 | C21: 17 | D21: =B21-C21 -> -17 | K21: 527800, 523108, 527037, 527038, 508326, 508327, 508328, 508329, 521532, 521533, 512073, 512074, 512075, 512076, 526746, 526749, 523110, 000068 (davon 1 Behälter Klericide) | L21: SONDERFAHRT 2019/263-1
A22: 43643 | B22: 2 | C22: 2 | D22: =B22-C22 -> 0 | K22: 000067, 000068 (Auslagern, 1 Behälter entnehmen, Einlagern)
A23: 43644 | B23: 0 | C23: 4 | D23: =B23-C23 -> -4 | K23: 480822, 498913, 498914, 498915 | L23: SONDERFAHRT 2019/263-2
D24: =B24-C24 -> 0
D25: =B25-C25 -> 0
D26: =B26-C26 -> 0
D27: =B27-C27 -> 0
D28: =B28-C28 -> 0
D29: =B29-C29 -> 0
D30: =B30-C30 -> 0
D31: =B31-C31 -> 0
D32: =B32-C32 -> 0
D33: =B33-C33 -> 0
D34: =B34-C34 -> 0
D35: =B35-C35 -> 0
... D44: =B44-C44 -> 0

Sheet 07.19
A1: Rotexmedica Lager | J1: Kontingent: | K1: =288+132+36+36+102 -> 594
F2: Übertrag aus Vormonat: | J2: Verfügbar: | K2: =K1-F6 -> 120
F3: ='06.19'!F6 -> 485
A4: Datum | B4: Ein- lagerung | C4: Aus- lagerung | D4: Zu- / Abgang | E4: Extra Handling | F4: Lagerbestand ist | G4: Bewegung Einlagerung | H4: Bewegung Auslagerung | J4: Summe Bewegungen | K4: EB-Nummer(n)
L5: Traffic Bewegungen : Kontingent
F6: =SUM(D:D)+F3 -> 474 | G6: =SUM(B:B) -> 68 | H6: =SUM(C:C) -> 79 | J6: =SUM(G6:H6)+SUM(E:E) -> 175 | L6: =J6/K1 -> 0.29461279
A7: 43648 | B7: 0 | C7: 20 | D7: =B7-C7 -> -20 | K7: 523116, 516117, 516118, 516119, 516120, 516121, 516122, 524939, 524940, 524941, 524942, 524943, 524944, 524945, 524946, 522894, 522895, 522896, 507233, 515094
A8: 43649 | B8: 0 | C8: 3 | D8: =B8-C8 -> -3 | K8: 521425, 521529, 522010
A9: 43651 | B9: 0 | C9: 27 | D9: =B9-C9 -> -27 | K9: 519354, 519352, 519353, 522272, 524947, 524948, 524949, 524950, 524951, 524952, 524953, 524954, 524955, 524956, 524957, 524958, 524959, 524960, 523117, 525945, 525946, 525947, 525948, 527697, 527698, 527699, 527700
A10: 43651 | B10: 8 | C10: 0 | D10: =B10-C10 -> 8 | K10: 529102, 529103, 529104, 529105, 529106, 529107, 529108, 529109
A11: 43654 | B11: 0 | C11: 1 | D11: =B11-C11 -> -1 | K11: 525949 | L11: SONDERFAHRT LKW 2019/272-1
A12: 43654 | B12: 6 | C12: 0 | D12: =B12-C12 -> 6 | K12: 529208, 529209, 529205, 529206, 529210, 529211
A13: 43657 | B13: 0 | C13: 15 | D13: =B13-C13 -> -15 | K13: 490880, 502173, 525841, 527253, 527254, 527255, 517174, 517182, 517183, 517184, 522059, 522060, 526751, 526753, 528603 | L13: SONDERFAHRT LKW 2019/272-2
A14: 43662 | B14: 0 | C14: 2 | D14: =B14-C14 -> -2 | K14: 522897, 522898
A15: 43662 | B15: 11 | C15: 0 | D15: =B15-C15 -> 11 | K15: 529518, 529519, 529520, 529521, 000073, 000074, 000075, 000076, 000077, 000078, 000079
A16: 43664 | B16: 0 | C16: 2 | D16: =B16-C16 -> -2 | K16: 527256, 527257 | L16: SONDERFAHRT LKW 2019/292-1
A17: 43664 | B17: 2 | C17: 0 | D17: =B17-C17 -> 2 | K17: 529677, 529678
A18: 43665 | B18: 0 | C18: 6 | D18: =B18-C18 -> -6 | K18: 000018A, 000018B, 000019A, 000019B, 000047A, 000047B | L18: SONDERFAHRT LKW 2019/295-1
A19: 43665 | B19: 4 | C19: 0 | D19: =B19-C19 -> 4 | K19: 529827, 529828, 529829, 529830
A20: 43670 | B20: 0 | C20: 3 | D20: =B20-C20 -> -3 | K20: 524658, 524659, 524660 | L20: SONDERFAHRT LKW 2019/297-1
A21: 43675 | B21: 0 | C21: 0 | D21: =B21-C21 -> 0 | E21: 28 | K21: Handling Zwischenlager Block - Paletten labeln | L21: direktanlieferung
A22: 43675 | B22: 28 | C22: 0 | D22: =B22-C22 -> 28 | K22: 530153, 530154, 530155, 530156, 530157, 530158, 530159, 530160, 530161, 530162, 530163, 530164, 530165, 530166, 530167, 530168, 530169, 530170, 530171, 530172, 530173, 530174, 530175, 530176, 530177, 530178, 530179, 530180 | L22: Einlagerung aus Direktanlieferung
A23: 43675 | B23: 9 | C23: 0 | D23: =B23-C23 -> 9 | K23: 530150, 530151, 530152, 530144, 530145, 530146, 530147, 530148, 530149
D24: =B24-C24 -> 0
D25: =B25-C25 -> 0
D26: =B26-C26 -> 0
D27: =B27-C27 -> 0
D28: =B28-C28 -> 0
D29: =B29-C29 -> 0
D30: =B30-C30 -> 0
D31: =B31-C31 -> 0
D32: =B32-C32 -> 0
D33: =B33-C33 -> 0
D34: =B34-C34 -> 0
D35: =B35-C35 -> 0
... D44: =B44-C44 -> 0

Sheet 08.19
A1: Rotexmedica Lager | J1: Kontingent: | K1: =288+132+36+36+102 -> 594
F2: Übertrag aus Vormonat: | J2: Verfügbar: | K2: =K1-F6 -> 97
F3: ='07.19'!F6 -> 474
A4: Datum | B4: Ein- lagerung | C4: Aus- lagerung | D4: Zu- / Abgang | E4: Extra Handling | F4: Lagerbestand ist | G4: Bewegung Einlagerung | H4: Bewegung Auslagerung | J4: Summe Bewegungen | K4: EB-Nummer(n)
L5: Traffic Bewegungen : Kontingent
F6: =SUM(D:D)+F3 -> 497 | G6: =SUM(B:B) -> 92 | H6: =SUM(C:C) -> 69 | J6: =SUM(G6:H6)+SUM(E:E) -> 173 | L6: =J6/K1 -> 0.29124579
A7: 43692 | B7: 0 | C7: 10 | D7: =B7-C7 -> -10 | K7: 526755, 526756, 526757, 526514, 526515, 526517, 508109, 508110, 508111, 508112
A8: 43692 | B8: 9 | C8: 9 | D8: =B8-C8 -> 0 | E8: 9 | K8: Je 1 Muster: 530157, 530158, 530160, 530173, 530174, 530175, 530177, 530178, 530179
A9: 43692 | B9: 23 | C9: 0 | D9: =B9-C9 -> 23 | K9: 530482, 530483, 530484, 530485, 530486, 530487, 530488, 530489, 530490, 530491, 530492, 530493, 530494, 530495, 530496, 530497, 530478, 530479, 530480, 530481, 000080, 000081, 000082
A10: 43693 | B10: 0 | C10: 3 | D10: =B10-C10 -> -3 | K10: 526440, 526441, 526442
A11: 43696 | B11: 0 | C11: 7 | D11: =B11-C11 -> -7 | K11: 524661, 527921, 527922, 527923, 527924, 522061, 522062
A12: 43699 | B12: 0 | C12: 4 | D12: =B12-C12 -> -4 | K12: 526758, 526759, 526760, 520791 | L12: SONDERFAHRT 2019/331
A13: 43699 | B13: 3 | C13: 3 | D13: =B13-C13 -> 0 | E13: 3 | K13: Je 1 Muster: 530153, 530156, 530159
A14: 43699 | B14: 0 | C14: 25 | D14: =B14-C14 -> -25 | K14: 528481, 528482, 528483, 528484, 528485, 528486, 528487, 528488, 528489, 528490, 527378, 527379, 527380, 527381, 527382, 527383, 527384, 527385, 527386, 527387, 527388, 527389, 527390, 527391, 527392
A15: 43699 | B15: 37 | C15: 0 | D15: =B15-C15 -> 37 | K15: 530673, 530674, 530675, 530676, 530677, 530678, 530679, 530680, 530681, 530682, 530683, 530684, 530685, 530686, 530687, 530688, 530689, 530690, 530691, 530692, 530693, 530694, 530695, 530696, 530697, 530698, 530699, 530700, 530701, 530586, 530587, 530588, 000083, 000084, 000085, 000086, ArbKor
A16: 43700 | B16: 0 | C16: 2 | D16: =B16-C16 -> -2 | K16: 528607, 528608
A17: 43704 | B17: 0 | C17: 6 | D17: =B17-C17 -> -6 | K17: 523112, 528530, 525950, 525951, 529102, 527801
A18: 43704 | B18: 8 | C18: 0 | D18: =B18-C18 -> 8 | K18: 530672, 530956, 530957, 530958, 530659, 530960, 530961, 530971
A19: 43705 | B19: 12 | C19: 0 | D19: =B19-C19 -> 12 | K19: 531023, 531024, 531025, 531026, 531027, 531028, 531029, 531037, 531038, 531039, 531040, 531041
D20: =B20-C20 -> 0
D21: =B21-C21 -> 0
D22: =B22-C22 -> 0
D23: =B23-C23 -> 0
D24: =B24-C24 -> 0
D25: =B25-C25 -> 0
D26: =B26-C26 -> 0
D27: =B27-C27 -> 0
D28: =B28-C28 -> 0
D29: =B29-C29 -> 0
D30: =B30-C30 -> 0
D31: =B31-C31 -> 0
... D44: =B44-C44 -> 0

Sheet 09.19
A1: Rotexmedica Lager | J1: Kontingent: | K1: =288+132+36+36+102 -> 594
F2: Übertrag aus Vormonat: | J2: Verfügbar: | K2: =K1-F6 -> 25
F3: ='08.19'!F6 -> 497
A4: Datum | B4: Ein- lagerung | C4: Aus- lagerung | D4: Zu- / Abgang | E4: Extra Handling | F4: Lagerbestand ist | G4: Bewegung Einlagerung | H4: Bewegung Auslagerung | J4: Summe Bewegungen | K4: EB-Nummer(n)
L5: Traffic Bewegungen : Kontingent
F6: =SUM(D:D)+F3 -> 569 | G6: =SUM(B:B) -> 234 | H6: =SUM(C:C) -> 162 | J6: =SUM(G6:H6)+SUM(E:E) -> 571 | L6: =J6/K1 -> 0.96127946
A7: 43711 | B7: 0 | C7: 13 | D7: =B7-C7 -> -13 | K7: 526775, 526776, 526777, 526778, 526761, 526762, 526443, 526444, 526445, 526446, 525952, 000064, 000082 | L7: SONDERFAHRT LKW 2019/344-1
A8: 43711 | B8: 5 | C8: 0 | D8: =B8-C8 -> 5 | K8: 531233, 531234, 531235, 531236, 531237
A9: 43714 | B9: 0 | C9: 0 | D9: =B9-C9 -> 0 | E9: 39 | K9: Handling Zwischenlager Block - Paletten labeln | L9: direktanlieferung
A10: 43714 | B10: 0 | C10: 11 | D10: =B10-C10 -> -11 | K10: 523363, 523364, 523365, 523366, 528531, 528532, 528533, 529827, 529828, 529829, 529830
A11: 43714 | B11: 15 | C11: 0 | D11: =B11-C11 -> 15 | K11: 531461, 531462, 531463, 531464, 531465, 531466, 531467, 531468, 531469, 531470, 531492, 531493, 531494, 531495, 531496
A12: 43715 | B12: 36 | C12: 0 | D12: =B12-C12 -> 36 | K12: 531551, 531552, 531553, 531554, 531555, 531556, 531557, 531558, 531559, 531560, 531561, 531562, 531563, 531564, 531565, 531566, 531567, 531568, 531569, 531570, 531571, 531573, 531574, 531575, 531577, 531578, 531579, 531580, 531581, 531582, 531583, 531584, 531585, 531586, 531588, 531589 | L12: Einlagerung aus Direktanlieferung
A13: 43717 | B13: 3 | C13: 0 | D13: =B13-C13 -> 3 | K13: 530539, 531668, 531669 | L13: Einlagerung aus Direktanlieferung
A14: 43718 | B14: 0 | C14: 7 | D14: =B14-C14 -> -7 | K14: 529103, 529104, 529105, 529106, 529107, 529108, 529109 | L14: SONDERFAHRT LKW 2019/352-1
A15: 43718 | B15: 8 | C15: 8 | D15: =B15-C15 -> 0 | E15: 8 | K15: MUSTERZUG aus: 531577, 531575, 531579, 531580, 531569, 531571, 531570, 531568
A16: 43718 | B16: 1 | C16: 0 | D16: =B16-C16 -> 1 | K16: 000064
A17: 43724 | B17: 0 | C17: 19 | D17: =B17-C17 -> -19 | K17: 526518, 526519, 526520, 526763, 526764, 523045, 523046, 527039, 527040, 531233, 531234, 531235, 531236, 531237, 513786, 513787, 513788, 530144, 530145
A18: 43724 | B18: 6 | C18: 0 | D18: =B18-C18 -> 6 | K18: 531969, 531970, 531971, 531973, 531974, 531975
A19: 43724 | B19: 24 | C19: 0 | D19: =B19-C19 -> 24 | K19: 531903, 531904, 531905, 531906, 531907, 531908, 531909, 531910, 531911, 531912, 531913, 531914, 531915, 531916, 531917, 531887, 531888, 531889, 531890, 531891, 531892, 531893, 531894, 531895
A20: 43724 | B20: 0 | C20: 15 | D20: =B20-C20 -> -15 | K20: 517954, 517955, 517956, 517957, 517958, 517959, 517960, 527042, 529205, 529206, 529208, 529209, 522914, 528492, 531492 | L20: sollte eigentlich erst am 17.09. zugestellt werden. In Absprache mit Panpharma geändert.
A21: 43724 | B21: 15 | C21: 0 | D21: =B21-C21 -> 15 | K21: 531993, 531994, 531995, 531996, 531997, 531998, 531999, 532000, 532001, 532002, 532003, 532004, 532005, 532006, 532008
A22: 43725 | B22: 0 | C22: 4 | D22: =B22-C22 -> -4 | K22: 531493, 531494, 531495, 531496
A23: 43728 | B23: 0 | C23: 24 | D23: =B23-C23 -> -24 | K23: 530153, 530154, 530155, 530156, 530157, 530158, 530159, 530160, 530161, 530162, 530163, 530164, 530165, 530166, 530167, 524372, 530697, 530698, 530699, 530700, 530701, 526765, 526781, 530146
A24: 43728 | B24: 5 | C24: 0 | D24: =B24-C24 -> 5 | K24: 532159, 532160, 532161, 532162, 532163
A25: 43731 | B25: 0 | C25: 12 | D25: =B25-C25 -> -12 | K25: 517961, 517962, 517963, 517964, 517965, 517966, 517967, 517968, 527041, 528534, 528535, 528536 | L25: SONDERFAHRT 2019/363-1
A26: 43731 | B26: 0 | C26: 0 | D26: =B26-C26 -> 0 | E26: 40 | K26: Handling Zwischenlager Block - Paletten labeln | L26: direktanlieferung
A27: 43731 | B27: 0 | C27: 0 | D27: =B27-C27 -> 0 | E27: 4 | K27: Musterzug aus Direktanlieferung: 4 Trays von 4 Paletten | L27: Musterzug aus Direktanlieferung: 4x von 4 Paletten braune Flaschen
A28: 43731 | B28: 0 | C28: 4 | D28: =B28-C28 -> -4 | K28: 531461, 531642, 531463, 531464 | L28: SONDERFAHRT 2019/363-2
A29: 43732 | B29: 40 | C29: 0 | D29: =B29-C29 -> 40 | K29: 532388, 532389, 532390, 532391, 532392, 532393, 532394, 532395, 532396, 532397, 532398, 532399, 532400, 532401, 532402, 532403, 532404, 532405, 532406, 532407, 532408, 532409, 532410, 532411, 532412, 532413, 532414, 532415, 532416, 532417, 532418, 532419, 532420, 532421, 532422, 532423, 532424, 532425, 532426, 524247 | L29: Einlagerung aus Direktanlieferung
A30: 43732 | B30: 0 | C30: 4 | D30: =B30-C30 -> -4 | K30: 529210, 529211, 531969, 528493, Muster v. 23.09.19
A31: 43732 | B31: 0 | C31: 0 | D31: =B31-C31 -> 0 | E31: 52 | K31: Handling Zwischenlager Block - Paletten labeln | L31: direktanlieferung
A32: 43732 | B32: 0 | C32: 0 | D32: =B32-C32 -> 0 | E32: 6 | K32: Musterzug aus Direktanlieferung: 6 Trays von 6 Paletten | L32: Musterzug aus Direktanlieferung: 6 Trays von 6 Paletten
A33: 43734 | B33: 0 | C33: 18 | D33: =B33-C33 -> -18 | K33: 531023, 531024, 531025, 531026, 517367, 517368, 517369, 529518, 529519, 529520, 522899, 522901, 522902, 522903, 531903, 531904, 526521, 517185, Muster vom 24.09.19
A34: 43734 | B34: 11 | C34: 0 | D34: =B34-C34 -> 11 | K34: 532625, 532626, 532627, 532628, 532629, 532630, 532631, 532632, 532633, 532634, 532635
A35: 43734 | B35: 13 | C35: 13 | D35: =B35-C35 -> 0 | E35: =2*13 -> 26 | K35: MUSTERZUG: jeweils 60 Stück abzählen aus jeder Palette 532415, 532416, 532417, 532418, 532419, 532420, 532421, 532422, 532423, 532424, 532425, 532426, 532427 | L35: MUSTERZUG: jeweils 60 Stück aus jeder Palette Auslagern. Tray ziehen, 60 Stück abzählen und verpacken, Rest-Tray wieder auf Palette und Verpacken, Einlagern. SONDERFAHRT 2019/371-1
A36: 43734 | B36: 52 | C36: 0 | D36: =B36-C36 -> 52 | K36: 532565, 532566, 532567, 532568, 532569, 532570, 532571, 532572, 532573, 532574, 532575, 532576, 532577, 532578, 532579, 532580, 532581, 532582, 532583, 532584, 532585, 532586, 532587, 532588, 532589, 532590, 532591, 532592, 532593, 532594, 532595, 532596, 532597, 532598, 532599, 532600, 532601, 532602, 532603, 532604, 532605, 532606, 532607, 532608, 532609, 532610, 532611, 532612, 532613, 532614, 532615, 532616 | L36: Einlagerung aus Direktanlieferung vom 24.09.
A37: 43738 | B37: 0 | C37: 10 | D37: =B37-C37 -> -10 | K37: 517186, 517187, 517188, 517189, 517190, 517191, 517192, 517193, 517194, 511635
D38: =B38-C38 -> 0
D39: =B39-C39 -> 0
D40: =B40-C40 -> 0
D41: =B41-C41 -> 0
D42: =B42-C42 -> 0
D43: =B43-C43 -> 0
D44: =B44-C44 -> 0

Sheet 10.19
A1: Rotexmedica Lager | J1: Kontingent: | K1: =288+132+36+36+102 -> 594
F2: Übertrag aus Vormonat: | J2: Verfügbar: | K2: =K1-F6 -> 45
F3: ='09.19'!F6 -> 569
A4: Datum | B4: Ein- lagerung | C4: Aus- lagerung | D4: Zu- / Abgang | E4: Extra Handling | F4: Lagerbestand ist | G4: Bewegung Einlagerung | H4: Bewegung Auslagerung | J4: Summe Bewegungen | K4: EB-Nummer(n)
L5: Traffic Bewegungen : Kontingent
F6: =SUM(D:D)+F3 -> 549 | G6: =SUM(B:B) -> 110 | H6: =SUM(C:C) -> 130 | J6: =SUM(G6:H6)+SUM(E:E) -> 288 | L6: =J6/K1 -> 0.48484848
A7: 43739 | B7: 0 | C7: 5 | D7: =B7-C7 -> -5 | K7: 527925, 527926, 527927, 527928, 527929
A8: 43742 | B8: 0 | C8: 16 | D8: =B8-C8 -> -16 | K8: 530147, 530148, 526522, 526523, 517195, 517196, 517197, 517198, 517199, 530539, 531573, 531574, 531575, 531577, 531578, 000078
A9: 43742 | B9: 0 | C9: 8 | D9: =B9-C9 -> -8 | K9: 530478, 530479, 530480, 530481, 527370, 527371, 527372, 486080 | L9: SONDERFAHRT 2019/382-1
A10: 43742 | B10: 8 | C10: 0 | D10: =B10-C10 -> 8 | K10: 532986, 532987, 532988, 532989, 532990, 532991, 532992, 532993
A11: 43746 | B11: 0 | C11: 11 | D11: =B11-C11 -> -11 | K11: 000073, 000074, 000075, 000076, 000077, 000079, 522904, 522905, 529521, 530586, 531905
A12: 43746 | B12: 11 | C12: 0 | D12: =B12-C12 -> 11 | K12: 533102, 533103, 533104, 533105, 000073, 000074, 000075, 000076, 000077, 000078, 000040
A13: 43748 | B13: 0 | C13: 20 | D13: =B13-C13 -> -20 | K13: 499773, 524294, 524295, 524296, 524297, 524298, 530168, 530169, 530170, 530171, 530172, 530173, 531551, 531552, 531553, 531554, 530687, 530688, 530689, 513769
A14: 43749 | B14: 0 | C14: 1 | D14: =B14-C14 -> -1 | K14: 524667 | L14: SONDERFAHRT 2019/388-1
A15: 43754 | B15: 0 | C15: 0 | D15: =B15-C15 -> 0 | E15: 32 | K15: Handling Zwischenlager Block - Paletten labeln | L15: direktanlieferung
A16: 43754 | B16: 21 | C16: 0 | D16: =B16-C16 -> 21 | K16: 533530, 533531, 533532, 533533, 533534, 533535, 533536, 533537, 533538, 533539, 533540, 533541, 533542, 533543, 533544, 533545, 533546, 533547, 533548, 533549, 533550
A17: 43754 | B17: 32 | C17: 0 | D17: =B17-C17 -> 32 | K17: 533491, 533496, 533497, 533498, 533499, 533500, 533501, 533502, 533503, 533504, 533505, 533506, 533507, 533508, 533509, 533510, 533511, 533512, 533513, 533514, 533515, 533516, 533517, 533518, 533519, 533520, 533521, 533522, 533523, 533524, 533525, 533526 | L17: Einlagerung aus Direktanlieferung v. 16.10.
A18: 43755 | B18: 8 | C18: 8 | D18: =B18-C18 -> 0 | E18: 16 | K18: MUSTERZUG: jeweils 156/158 Stück abzählen aus jeder Palette 533515, 533516, 533517, 533518, 533519, 533520, 533525, 533526 | L18: MUSTERZUG: jeweils 156/158 Stück aus jeder Palette Auslagern. Tray ziehen, 156/158 Stück abzählen und verpacken, Rest-Tray wieder auf Palette und Verpacken, Einlagern. SONDERFAHRT 2019/396-1
A19: 43755 | B19: 0 | C19: 15 | D19: =B19-C19 -> -15 | K19: 523047, 528494, 530690, 530691, 530692, 530693, 530694, 530695, 530696, 531555, 531556, 531557, 531558, 531559, 531560 | L19: Abruf zu Freitag, 18.10. (nach Absprache auf Veranslassung durch uns bereits am Do. geliefert)
A20: 43759 | B20: 0 | C20: 6 | D20: =B20-C20 -> -6 | K20: 530482, 530483, 530484, 530485, 530486, 530487 | L20: SONDERFAHRT 2019/404-1
A21: 43759 | B21: 5 | C21: 0 | D21: =B21-C21 -> 5 | K21: 533660, 533661, 533662, 533663, 533664
A22: 43761 | B22: 18 | C22: 0 | D22: =B22-C22 -> 18 | K22: 533929, 533930, 533931, 533932, 533933, 533934, 533935, 533936, 533937, 533938, 533939, 533940, 533941, 533942, 533943, 533944, 533945, 533946
A23: 43762 | B23: 0 | C23: 8 | D23: =B23-C23 -> -8 | K23: 530956, 530957, 530958, 530959, 523115, 529677, 531906, 531907
A24: 43762 | B24: 0 | C24: 14 | D24: =B24-C24 -> -14 | K24: 523164, 523165, 523166, 523167, 523168, 523169, 532415, 532416, 532417, 532418, 532419, 532420, 532421, 532422
A25: 43762 | B25: 0 | C25: 1 | D25: =B25-C25 -> -1 | K25: 531892
A26: 43762 | B26: 7 | C26: 0 | D26: =B26-C26 -> 7 | K26: 533954, 533955, 533956, 533957, 533958, 533959, 533960
A27: 43767 | B27: 0 | C27: 4 | D27: =B27-C27 -> -4 | K27: 531468, 531465, 531466, 431467 | L27: SONDERFAHRT 2019/411-1
A28: 43768 | B28: 0 | C28: 13 | D28: =B28-C28 -> -13 | K28: 532625, 532626, 532627, 532628, 520794, 531908, 532986, 513770, 513771, 513772, 530152, 533539, 533540
D29: =B29-C29 -> 0
D30: =B30-C30 -> 0
D31: =B31-C31 -> 0
D32: =B32-C32 -> 0
D33: =B33-C33 -> 0
D34: =B34-C34 -> 0
D35: =B35-C35 -> 0
D36: =B36-C36 -> 0
D37: =B37-C37 -> 0
D38: =B38-C38 -> 0
D39: =B39-C39 -> 0
D40: =B40-C40 -> 0
... D44: =B44-C44 -> 0

Sheet 11.19
A1: Rotexmedica Lager | J1: Kontingent: | K1: =288+132+36+36+102 -> 594
F2: Übertrag aus Vormonat: | J2: Verfügbar: | K2: =K1-F6 -> 41
F3: ='10.19'!F6 -> 549
A4: Datum | B4: Ein- lagerung | C4: Aus- lagerung | D4: Zu- / Abgang | E4: Extra Handling | F4: Lagerbestand ist | G4: Bewegung Einlagerung | H4: Bewegung Auslagerung | J4: Summe Bewegungen | K4: EB-Nummer(n)
L5: Traffic Bewegungen : Kontingent
F6: =SUM(D:D)+F3 -> 553 | G6: =SUM(B:B) -> 81 | H6: =SUM(C:C) -> 77 | J6: =SUM(G6:H6)+SUM(E:E) -> 158 | L6: =J6/K1 -> 0.26599327
A7: 43774 | B7: 0 | C7: 13 | D7: =B7-C7 -> -13 | K7: 526416, 526417, 532629, 532630, 532631, 532632, 532633, 530672, 530673, 530674, 530675, 530676, 530677 | L7: Sonderfahrt 2019/422-1
A8: 43774 | B8: 24 | C8: 0 | D8: =B8-C8 -> 24 | K8: 534487, 534488, 534489, 534490, 534491, 534492, 534465, 534471, 534472, 534473, 534474, 534475, 534476, 534477, 534478, 534479, 534480, 534481, 534482, 534483, 534484, 534485, 534486, 000087
A9: 43775 | B9: 0 | C9: 5 | D9: =B9-C9 -> -5 | K9: 531027, 531028, 531029, 531909, 531037 | L9: Sonderfahrt 2019/422-2
A10: 43780 | B10: 0 | C10: 9 | D10: =B10-C10 -> -9 | K10: 463709, 480148, 531469, 531470, 531910, 532987, 530149, 530150, 530151 | L10: Sonderfahrt 2019/422-3
A11: 43787 | B11: 0 | C11: 8 | D11: =B11-C11 -> -8 | K11: 530488, 530489, 530678, 530679, 530680, 530681, 532988, 531911
A12: 43789 | B12: 0 | C12: 7 | D12: =B12-C12 -> -7 | K12: 463713, 533541, 533542, 533530, 533531, 533532, 533533
A13: 43789 | B13: 4 | C13: 0 | D13: =B13-C13 -> 4 | K13: 535005, 535006, 535007, 535008
A14: 43789 | B14: 25 | C14: 0 | D14: =B14-C14 -> 25 | K14: 535403, 535404, 535405, 535406, 535407, 535408, 535409, 535410, 535411, 535412, 535413, 535421, 535423, 535424, 535425, 535426, 535427, 535428, 535429, 535430, 535431, 535432, 535433, 535434, 535420
A15: 43794 | B15: 0 | C15: 17 | D15: =B15-C15 -> -17 | K15: 533954, 533955, 533956, 533957, 533958, 533959, 533960, 530490, 530491, 530492, 530493, 530494, 530495, 530496, 530497, 531912, 532989
A16: 43794 | B16: 0 | C16: 9 | D16: =B16-C16 -> -9 | K16: 519111, 519113, 519114, 519115, 519116, 519117, 519118, 533545, 533546
A17: 43794 | B17: 28 | C17: 0 | D17: =B17-C17 -> 28 | K17: 532417, 532418, 532419, 532420, 532421, 532422, 530168, 530169, 530170, 530171, 530172, 530173, 531551, 531552, 531553, 531554, 531555, 531556, 531557, 531558, 531559, 531560, 523164, 523165, 523166, 523167, 523168, 523169 | L17: Sonderfahrt 2019/448-1
A18: 43798 | B18: 0 | C18: 9 | D18: =B18-C18 -> -9 | K18: 525048, 530682, 530683, 530684, 531038, 531039, 000086, 000040, 000083
D19: =B19-C19 -> 0
D20: =B20-C20 -> 0
D21: =B21-C21 -> 0
D22: =B22-C22 -> 0
D23: =B23-C23 -> 0
D24: =B24-C24 -> 0
D25: =B25-C25 -> 0
D26: =B26-C26 -> 0
D27: =B27-C27 -> 0
D28: =B28-C28 -> 0
D29: =B29-C29 -> 0
D30: =B30-C30 -> 0
... D44: =B44-C44 -> 0

Sheet 12.19
A1: Rotexmedica Lager | J1: Kontingent: | K1: =288+132+36+36+102 -> 594
F2: Übertrag aus Vormonat: | J2: Verfügbar: | K2: =K1-F6 -> 59
F3: ='11.19'!F6 -> 553
A4: Datum | B4: Ein- lagerung | C4: Aus- lagerung | D4: Zu- / Abgang | E4: Extra Handling | F4: Lagerbestand ist | G4: Bewegung Einlagerung | H4: Bewegung Auslagerung | J4: Summe Bewegungen | K4: EB-Nummer(n)
L5: Traffic Bewegungen : Kontingent
F6: =SUM(D:D)+F3 -> 535 | G6: =SUM(B:B) -> 39 | H6: =SUM(C:C) -> 57 | J6: =SUM(G6:H6)+SUM(E:E) -> 384 | L6: =J6/K1 -> 0.64646465
A7: 43804 | B7: 0 | C7: 8 | D7: =B7-C7 -> -8 | K7: 531914, 531913, 530685, 530686, 531993, 531994, 531995, 533534
A8: 43804 | B8: 6 | C8: 0 | D8: =B8-C8 -> 6 | K8: 536316, 536315, 536318, 536319, 536320, 536321
A9: 43805 | B9: 17 | C9: 0 | D9: =B9-C9 -> 17 | K9: 536339, 536340, 536341, 536342, 536343, 536344, 536345, 536330, 536331, 536332, 536333, 536334, 536325, 536326, 536327, 536328, 536329
A10: 43810 | B10: 0 | C10: 1 | D10: =B10-C10 -> -1 | K10: eb0000076
A11: 43810 | B11: 6 | C11: 0 | D11: =B11-C11 -> 6 | K11: 536607, 536608, 536609, 536610, 536611, 536612
A12: 43812 | B12: 0 | C12: 0 | D12: =B12-C12 -> 0 | E12: 286 | K12: Vereinfachte Inventur Lagerbestand per 13.12.19: 0,5 Aufwand x 573 Paletten | L12: nur das Vorhandensein der EB-Nummern abgleichen.
A13: 43815 | B13: 2 | C13: 2 | D13: =B13-C13 -> 0 | E13: 2 | K13: 462772, 462773 (Artikelfeststellung)
A14: 43815 | B14: 0 | C14: 3 | D14: =B14-C14 -> -3 | K14: 411727, 462772, 462773 | L14: SONDERFAHRT TRA 2019/473-1
A15: 43815 | B15: 0 | C15: 11 | D15: =B15-C15 -> -11 | K15: 522906, 522911, 522912, 522909, 522910, 522913, 535420, 535421, 535423, 535424, 535427
A16: 43815 | B16: 0 | C16: 7 | D16: =B16-C16 -> -7 | K16: 535428, 535429, 535430, 533535, 533536, 533537, 533538 | L16: SONDERFAHRT LKW 2019/473-2
A17: 43817 | B17: 0 | C17: 5 | D17: =B17-C17 -> -5 | K17: 527537, 535005, 535006, 535007, 535008
A18: 43817 | B18: 0 | C18: 3 | D18: =B18-C18 -> -3 | K18: 531915, 531916, 531917 | L18: SONDERFAHRT LKW 2019/477-1
A19: 43817 | B19: 8 | C19: 0 | D19: =B19-C19 -> 8 | K19: 537006, 537007, 537008, 537009, 537010, 537011, 537012, 537013
A20: 43818 | B20: 0 | C20: 17 | D20: =B20-C20 -> -17 | K20: 469538, 533547, 533548, 532634, 532635, 535403, 535404, 535405, 535406, 535407, 531996, 531997, 531998, 531999, 532000, 532001, 532002 | L20: SONDERFAHRT LKW+Sprinter 477-3 + 477-2
D21: =B21-C21 -> 0
D22: =B22-C22 -> 0
D23: =B23-C23 -> 0
D24: =B24-C24 -> 0
D25: =B25-C25 -> 0
D26: =B26-C26 -> 0
D27: =B27-C27 -> 0
D28: =B28-C28 -> 0
D29: =B29-C29 -> 0
D30: =B30-C30 -> 0
D31: =B31-C31 -> 0
D32: =B32-C32 -> 0
... D44: =B44-C44 -> 0

Sheet 01.20
A1: Panpharma Lager | J1: Kontingent: | K1: =288+132+36+36+102 -> 594
F2: Übertrag aus Vormonat: | J2: Verfügbar: | K2: =K1-F6 -> 22
F3: ='12.19'!F6 -> 535
A4: Datum | B4: Ein- lagerung | C4: Aus- lagerung | D4: Zu- / Abgang | E4: Extra Handling | F4: Lagerbestand ist | G4: Bewegung Einlagerung | H4: Bewegung Auslagerung | J4: Summe Bewegungen | K4: EB-Nummer(n)
L5: Traffic Bewegungen : Kontingent
F6: =SUM(D:D)+F3 -> 572 | G6: =SUM(B:B) -> 123 | H6: =SUM(C:C) -> 86 | J6: =SUM(G6:H6)+SUM(E:E) -> 209 | L6: =J6/K1 -> 0.35185185
A7: 43837 | B7: 0 | C7: 3 | D7: =B7-C7 -> -3 | K7: 536607, 532990, 532991 | L7: SONDERFAHRT LKW 2020/11-1
A8: 43837 | B8: 18 | C8: 0 | D8: =B8-C8 -> 18 | K8: 537290, 537291, 537292, 537293, 537294, 537295, 537296, 537297, 537299, 537300, 537301, 537302, 537303, 537304, 537305, 537306, 537307, 537308
A9: 43839 | B9: 0 | C9: 7 | D9: =B9-C9 -> -7 | K9: 536325, 536326, 536327, 536328, 536329, 504713, 520790 | L9: SONDERFAHRT LKW 2020/11-2
A10: 43840 | B10: 0 | C10: 3 | D10: =B10-C10 -> -3 | K10: 533543, 533544, 536608 | L10: SONDERFAHRT LKW 2020/15-1
A11: 43840 | B11: 12 | C11: 0 | D11: =B11-C11 -> 12 | K11: 537575, 537577, 537578, 537579, 537580, 537581, 537582, 537583, 537584, 000076, 000083, 000088
A12: 43845 | B12: 0 | C12: 21 | D12: =B12-C12 -> -21 | K12: 537290, 537291, 537292, 532003, 532004, 532005, 532006, 532007, 533929, 533930, 533931, 535408, 535409, 535410, 535411, 535412, 535413, 530960, 530961, 527542, 532992 | L12: SONDERFAHRT LKW 2020/20-1
A13: 43845 | B13: 1 | C13: 1 | D13: =B13-C13 -> 0 | K13: eb0000027 zur Prüfung bereitstellen und danach wieder einlagern
A14: 43845 | B14: 35 | C14: 0 | D14: =B14-C14 -> 35 | K14: 533218, 523364, 529830, 523116, 534856, 523365, 527543, 536873, 530698, 523117, 536872, 528494, 535849, 528492, 523366, 529118, 529376, 524297, 531407, 527529, 502800, 000089, 000090, 000091, 000092, 000093, 000094, 000095, 537744, 537745, 537746, 537747, 537748, 537749, 537750
A15: 43845 | B15: 0 | C15: 2 | D15: =B15-C15 -> -2 | K15: 536872, 536873 | L15: SONDERFAHRT LKW 2020/21-1
A16: 43847 | B16: 0 | C16: 9 | D16: =B16-C16 -> -9 | K16: 535425, 533935, 533932, 533933, 533934, 536339, 536340, 536341, 536342 | L16: SONDERFAHRT LKW 2020/21-2
A17: 43847 | B17: 9 | C17: 0 | D17: =B17-C17 -> 9 | K17: 537949, 537950, 537951, 537952, 537953, 537954, 537955, 537956, 537957
A18: 43851 | B18: 0 | C18: 13 | D18: =B18-C18 -> -13 | K18: 536343, 536344, 536345, 536330, 536331, 536332, 533936, 533937, 533938, 533939, 533940, 533941, 533942 | L18: SONDERFAHRT LKW 2020/34-1
A19: 43853 | B19: 0 | C19: 7 | D19: =B19-C19 -> -7 | K19: 535431, 535432, 535433, 537293, 537294, 532993, 531040 | L19: SONDERFAHRT LKW 2020/39-1
A20: 43857 | B20: 0 | C20: 1 | D20: =B20-C20 -> -1 | K20: 450800 | L20: SONDERFAHRT LKW 2020/44-1
A21: 43857 | B21: 26 | C21: 0 | D21: =B21-C21 -> 26 | K21: 538413, 538414, 538415, 538416, 538417, 538418, 538419, 538420, 538421, 538422, 538427, 538428, 538429, 538430, 538431, 538432, 538433, 538434, 538435, 538436, 000096, 000097, 000098, 000099, 000100, 000101
A22: 43860 | B22: 0 | C22: 19 | D22: =B22-C22 -> -19 | K22: 536333, 536334, 537949, 537950, 533549, 533550, 536609, 531041, 538427, 538428, 538429, 538430, 538431, 538432, 538433, 538434, 538435, 538436, 538420 | L22: SONDERFAHRT LKW 2020/44-2
A23: 43860 | B23: 22 | C23: 0 | D23: =B23-C23 -> 22 | K23: 538606, 538607, 538608, 538609, 538610, 538611, 538612, 538613, 538614, 538615, 538645, 538646, 538647, 538648, 538649, 538650, 538678, 538679, 538680, 538681, 538682, 538683
D24: =B24-C24 -> 0
D25: =B25-C25 -> 0
D26: =B26-C26 -> 0
D27: =B27-C27 -> 0
D28: =B28-C28 -> 0
D29: =B29-C29 -> 0
D30: =B30-C30 -> 0
D31: =B31-C31 -> 0
D32: =B32-C32 -> 0
D33: =B33-C33 -> 0
D34: =B34-C34 -> 0
D35: =B35-C35 -> 0
... D45: =B45-C45 -> 0

Sheet 02.20
A1: Panpharma Lager | J1: Kontingent: | K1: =288+132+36+36+102 -> 594
F2: Übertrag aus Vormonat: | J2: Verfügbar: | K2: =K1-F6 -> 116
F3: ='01.20'!F6 -> 572
A4: Datum | B4: Ein- lagerung | C4: Aus- lagerung | D4: Zu- / Abgang | E4: Extra Handling | F4: Lagerbestand ist | G4: Bewegung Einlagerung | H4: Bewegung Auslagerung | J4: Summe Bewegungen | K4: EB-Nummer(n)
L5: Traffic Bewegungen : Kontingent
F6: =SUM(D:D)+F3 -> 478 | G6: =SUM(B:B) -> 59 | H6: =SUM(C:C) -> 153 | J6: =SUM(G6:H6)+SUM(E:E) -> 228 | L6: =J6/K1 -> 0.38383838
A7: 43864 | B7: 0 | C7: 0 | D7: =B7-C7 -> 0 | E7: 12 | K7: Handling Zwischenlager Block - Paletten labeln | L7: direktanlieferung
A8: 43864 | B8: 12 | C8: 0 | D8: =B8-C8 -> 12 | K8: 538827, 538828, 538829, 538830, 538831, 538832, 538833, 538834, 538835, 538836, 538837, 538838 | L8: aus direktanlieferung vom 03.02.20
A9: 43864 | B9: 0 | C9: 17 | D9: =B9-C9 -> -17 | K9: 530168, 530169, 530170, 530171, 530172, 530173, 531551, 531552, 531553, 531554, 531555, 531556, 531557, 531558, 528494, 531970, 531971 | L9: SONDERFAHRT 2020/55
A10: 43865 | B10: 0 | C10: 11 | D10: =B10-C10 -> -11 | K10: 535434, 467554, 537295, 537296, 537297, 532417, 532418, 532419, 532420, 532421, 528492 | L10: SONDERFAHRT 2020/59-1
A11: 43865 | B11: 2 | C11: 2 | D11: =B11-C11 -> 0 | E11: 3 | K11: 523116 davon 1 Krt à 4.000, 523117 davon 2 Krt à 4.000 | L11: SONDERFAHRT 2020/59-2
A12: 43865 | B12: 0 | C12: 18 | D12: =B12-C12 -> -18 | K12: 517969, 526234, 526235, 526236, 526237, 526240, 526241, 526242, 526243, 526244, 526245, 526246, 526247, 526248, 526249, 526250, 526251, 526252
A13: 43866 | B13: 0 | C13: 7 | D13: =B13-C13 -> -7 | K13: 528495, 528496, 537747, 537748, 537749, 537750, 531973 | L13: SONDERFAHRT 2020/61-1
A14: 43866 | B14: 9 | C14: 0 | D14: =B14-C14 -> 9 | K14: 532415, 532416, 532417, 532418, 532419, 532420, 532421, 532428, 532429 | L14: GESPERRTE WARE!!!
A15: 43866 | B15: 6 | C15: 6 | D15: =B15-C15 -> 0 | K15: Umlagerung nach GESPERRTE: 532422, 532423, 532424, 532425, 532426, 532427 | L15: GESPERRTE WARE!!!
A16: 43868 | B16: 1 | C16: 1 | D16: =B16-C16 -> 0 | E16: 1 | K16: Eb000067 | L16: Auslagern; Produktfotos fertigen; einlagern
A17: 43868 | B17: 9 | C17: 0 | D17: =B17-C17 -> 9 | K17: 539241, 539242, 539243, 539174, 539175, 539176, 539177, 539178, 539179
A18: 43874 | B18: 0 | C18: 17 | D18: =B18-C18 -> -17 | K18: 538606, 538607, 538608, 538609, 518396, 518397, 518398, 534465, 534471, 534472, 537575, 537577, 537578, 531974, 531975, 532159, 532160
A19: 43878 | B19: 0 | C19: 18 | D19: =B19-C19 -> -18 | K19: 538610, 538611, 538612, 526253, 526254, 526255, 528119, 528120, 528121, 528122, 528123, 528124, 528125, 528126, 528127, 528128, 528129, 528130
A20: 43880 | B20: 0 | C20: 9 | D20: =B20-C20 -> -9 | K20: 529376, 534856, 537308, 537299, 537579, 534487, 534488, 534489, 532161 | L20: SONDERFAHRT 2020/77-1
A21: 43880 | B21: 17 | C21: 0 | D21: =B21-C21 -> 17 | K21: 539793, 539794, 539795, 539796, 539797, 539798, 539799, 539800, 539801, 539802, 539803, 539804, 539805, 539806, 539807, 539808, 539809
A22: 43882 | B22: 0 | C22: 17 | D22: =B22-C22 -> -17 | K22: 531579, 531580, 531581, 531582, 531583, 531584, 531585, 531586, 531588, 535426, 536315, 536316, 530587, 538413, 538414, 538415, 538416
A23: 43882 | B23: 0 | C23: 1 | D23: =B23-C23 -> -1 | K23: 527543 | L23: SONDERFAHRT 2020/80-1
A24: 43888 | B24: 0 | C24: 29 | D24: =B24-C24 -> -29 | K24: 533943, 533944, 533945, 533946, 539174, 539175, 539176, 539177, 539178, 539179, 537744, 531589, 531668, 531669, 533491, 533496, 533497, 537951, 537952, 537953, 536318, 536319, 536320, 536321, 530588, 537300, 521534, 521535, 521537
A25: 43888 | B25: 3 | C25: 0 | D25: =B25-C25 -> 3 | K25: 540094, 540095, 540096
D26: =B26-C26 -> 0
D27: =B27-C27 -> 0
D28: =B28-C28 -> 0
D29: =B29-C29 -> 0
D30: =B30-C30 -> 0
D31: =B31-C31 -> 0
D32: =B32-C32 -> 0
D33: =B33-C33 -> 0
D34: =B34-C34 -> 0
D35: =B35-C35 -> 0
D36: =B36-C36 -> 0
D37: =B37-C37 -> 0
... D44: =B44-C44 -> 0

Sheet 03.20
A1: Panpharma Lager | J1: Kontingent: | K1: =288+132+36+36+102 -> 594
F2: Übertrag aus Vormonat: | J2: Verfügbar: | K2: =K1-F6 -> 118
F3: ='02.20'!F6 -> 478
A4: Datum | B4: Ein- lagerung | C4: Aus- lagerung | D4: Zu- / Abgang | E4: Extra Handling | F4: Lagerbestand ist | G4: Bewegung Einlagerung | H4: Bewegung Auslagerung | J4: Summe Bewegungen | K4: EB-Nummer(n)
L5: Traffic Bewegungen : Kontingent
F6: =SUM(D:D)+F3 -> 476 | G6: =SUM(B:B) -> 109 | H6: =SUM(C:C) -> 111 | J6: =SUM(G6:H6)+SUM(E:E) -> 220 | L6: =J6/K1 -> 0.37037037
A7: 43893 | B7: 23 | C7: 0 | D7: =B7-C7 -> 23 | K7: 540448, 540449, 540450, 540451, 540453, 540454, 540455, 540456, 540459, 540460, 540461, 540462, 540463, 540464, 540465, 540466, 540467, 540468, 540473, 540474, 540475, 540476, 540477 | L7: SONDERFAHRT 2020/100-1
A8: 43894 | B8: 12 | C8: 0 | D8: =B8-C8 -> 12 | K8: 540510, 540511, 540512, 540513, 540514, 540515, 540516, 540517, 540518, 540519, 540520, 540521
A9: 43895 | B9: 0 | C9: 36 | D9: =B9-C9 -> -36 | K9: 533660, 533661, 533662, 533498, 533499, 533500, 533501, 533502, 533503, 533504, 533505, 533506, 533507, 533508, 533509, 533510, 533511, 537301, 537580, 537581, 537582, 538417, 538418, 538419, 538421, 538422, 536610, 536611, 539795, 539796, 513773, 513774, 513775, 526782, 476270, 476271
A10: 43902 | B10: 0 | C10: 21 | D10: =B10-C10 -> -21 | K10: 537306, 537307, 538613, 538614, 538615, 540510, 540511, 526418, 526419, 523164, 523165, 523166, 537302, 526783, 526784, 537954, 539801, 539802, 539803, 000069, 000070
A11: 43906 | B11: 0 | C11: 10 | D11: =B11-C11 -> -10 | K11: 513776, 539804, 539805, 539806, 539807, 539808, 540512, 540513, 540514, 540515 | L11: SONDERFAHRT 2020/113-1
A12: 43906 | B12: 29 | C12: 0 | D12: =B12-C12 -> 29 | K12: 541047, 541048, 541049, 541050, 541051, 541052, 541053, 541054, 541055, 541056, 541057, 541058, 541059, 541060, 541061, 541062, 541063, 541064, 541065, 541066, 541068, 541069, 541070, 541071, 541072, 541073, 541074, 524426, 527920
A13: 43909 | B13: 0 | C13: 2 | D13: =B13-C13 -> -2 | K13: 000067, 000068
A14: 43909 | B14: 2 | C14: 0 | D14: =B14-C14 -> 2 | K14: 000069, 000070
A15: 43910 | B15: 0 | C15: 32 | D15: =B15-C15 -> -32 | K15: 533512, 533513, 533514, 533515, 533516, 533517, 533518, 533519, 533520, 533521, 517370, 517371, 528131, 528132, 528133, 528134, 528135, 528136, 528137, 528138, 528139, 528140, 528141, 528142, 528143, 532388, 532389, 532390, 533663, 533664, 534479, 537303
A16: 43910 | B16: 0 | C16: 10 | D16: =B16-C16 -> -10 | K16: 527529, 540516, 540517, 540518, 540519, 540520, 540521, 539241, 539242, 539243 | L16: SONDERFAHRT 2020/122-1
A17: 43910 | B17: 8 | C17: 0 | D17: =B17-C17 -> 8 | K17: 541461, 541462, 541463, 541464, 541465, 541466, 541467, 541468
A18: 43914 | B18: 22 | C18: 0 | D18: =B18-C18 -> 22 | K18: 541617, 541618, 541619, 541620, 541621, 541622, 541623, 541624, 541625, 541626, 541627, 541628, 541629, 541630, 541631, 541632, 541633, 541634, 541635, 541636, 541637, 541638
A19: 43916 | B19: 13 | C19: 0 | D19: =B19-C19 -> 13 | K19: 541772, 541773, 541774, 541775, 541776, 541777, 541778, 541779, 541780, 541781, 541782, 541783, 541784 | L19: SONDERFAHRT 2020/125-1
D20: =B20-C20 -> 0
D21: =B21-C21 -> 0
D22: =B22-C22 -> 0
D23: =B23-C23 -> 0
D24: =B24-C24 -> 0
D25: =B25-C25 -> 0
D26: =B26-C26 -> 0
D27: =B27-C27 -> 0
D28: =B28-C28 -> 0
D29: =B29-C29 -> 0
D30: =B30-C30 -> 0
D31: =B31-C31 -> 0
... D44: =B44-C44 -> 0

Sheet 04.20
A1: Panpharma Lager | J1: Kontingent: | K1: =288+132+36+36+102 -> 594
F2: Übertrag aus Vormonat: | J2: Verfügbar: | K2: =K1-F6 -> 216
F3: ='03.20'!F6 -> 476
A4: Datum | B4: Ein- lagerung | C4: Aus- lagerung | D4: Zu- / Abgang | E4: Extra Handling | F4: Lagerbestand ist | G4: Bewegung Einlagerung | H4: Bewegung Auslagerung | J4: Summe Bewegungen | K4: EB-Nummer(n)
L5: Traffic Bewegungen : Kontingent
F6: =SUM(D:D)+F3 -> 378 | G6: =SUM(B:B) -> 53 | H6: =SUM(C:C) -> 151 | J6: =SUM(G6:H6)+SUM(E:E) -> 247 | L6: =J6/K1 -> 0.41582492
A7: 43922 | B7: 0 | C7: 18 | D7: =B7-C7 -> -18 | K7: 537304, 537305, 537955, 537956, 537957, 541057, 541058, 541059, 541060, 540453, 540454, 540455, 540456, 537006, 537007, 537008, 537009, 537010 | L7: SONDERFAHRT 2020/139-1
A8: 43922 | B8: 10 | C8: 0 | D8: =B8-C8 -> 10 | K8: 542064, 542062, 542061, 542063, 542070, 542071, 542065, 542066, 542067, 000102
A9: 43923 | B9: 0 | C9: 0 | D9: =B9-C9 -> 0 | E9: 35 | K9: Handling Zwischenlager Block - Paletten labeln | L9: direktanlieferung
A10: 43923 | B10: 35 | C10: 0 | D10: =B10-C10 -> 35 | K10: 542128, 542129, 542130, 542131, 542132, 542133, 542134, 542135, 542136, 542137, 542138, 542139, 542140, 542141, 542142, 542143, 542144, 542145, 542146, 542147, 542148, 542149, 542150, 542151, 542152, 542153, 542154, 542155, 542156, 542157, 542158, 542159, 542160, 542161, 542162 | L10: Einlagerung aus direktanlieferung
A11: 43923 | B11: 8 | C11: 8 | D11: =B11-C11 -> 0 | E11: 8 | K11: MUSTERZUG aus 8 Paletten (Charge: N302093 + N392798)
A12: 43923 | B12: 0 | C12: 9 | D12: =B12-C12 -> -9 | K12: 529678, 523015, 519119, 519120, 519121, 522704, 522705, 522706, 000095
A13: 43928 | B13: 0 | C13: 5 | D13: =B13-C13 -> -5 | K13: 522707, 522708, 522709, 522710, 522711 | L13: SONDERFAHRT 2020/142-1
A14: 43929 | B14: 0 | C14: 31 | D14: =B14-C14 -> -31 | K14: 531559, 531560, 531561, 531562, 531563, 531564, 531565, 531566, 531567, 531568, 531569, 531570, 531571, 542128, 542129, 542130, 542131, 542132, 542133, 534490, 534491, 532162, 532163, 536612, 541047, 541061, 541062, 541063, 523669, 541068, 539809 | L14: SONDERFAHRT 2020/147-1
A15: 43929 | B15: 0 | C15: 16 | D15: =B15-C15 -> -16 | K15: 532415, 532416, 532417, 532418, 532419, 532420, 532421, 532422, 532423, 532424, 538645, 532425, 532426, 532427, 532428, 532429 | L15: SONDERFAHRT 2020/147-2
A16: 43937 | B16: 0 | C16: 20 | D16: =B16-C16 -> -20 | K16: 534492, 538678, 538679, 538646, 538647, 538648, 539797, 539798, 539799, 540448, 540449, 540450, 540451, 540473, 540459, 540460, 540461, 540462, 540463, 540464
A17: 43943 | B17: 0 | C17: 27 | D17: =B17-C17 -> -27 | K17: 531888, 531887, 531890, 531889, 541618, 530698, 542071, 521542, 524426, 537584, 541779, 541778, 541775, 541774, 541069, 541070, 542070, 541071, 540474, 541048, 541772, 541773, 541049, 527920, 530971, 541617, 537583 | L17: SONDERFAHRT 2020/158-1
A18: 43951 | B18: 0 | C18: 17 | D18: =B18-C18 -> -17 | K18: 530174, 530175, 530176, 530177, 542134, 542135, 542159, 542160, 542161, 542162, 538680, 540475, 540476, 540477, 541619, 541620, 541074
D19: =B19-C19 -> 0
D20: =B20-C20 -> 0
D21: =B21-C21 -> 0
D22: =B22-C22 -> 0
D23: =B23-C23 -> 0
D24: =B24-C24 -> 0
D25: =B25-C25 -> 0
D26: =B26-C26 -> 0
D27: =B27-C27 -> 0
D28: =B28-C28 -> 0
D29: =B29-C29 -> 0
D30: =B30-C30 -> 0
... D44: =B44-C44 -> 0

Sheet 05.20
A1: Panpharma Lager | J1: Kontingent: | K1: =288+132+36+36+102 -> 594
F2: Übertrag aus Vormonat: | J2: Verfügbar: | K2: =K1-F6 -> 189
F3: ='04.20'!F6 -> 378
A4: Datum | B4: Ein- lagerung | C4: Aus- lagerung | D4: Zu- / Abgang | E4: Extra Handling | F4: Lagerbestand ist | G4: Bewegung Einlagerung | H4: Bewegung Auslagerung | J4: Summe Bewegungen | K4: EB-Nummer(n)
L5: Traffic Bewegungen : Kontingent
F6: =SUM(D:D)+F3 -> 405 | G6: =SUM(B:B) -> 109 | H6: =SUM(C:C) -> 82 | J6: =SUM(G6:H6)+SUM(E:E) -> 240 | L6: =J6/K1 -> 0.4040404
A7: 43951 | B7: 21 | C7: 0 | D7: =B7-C7 -> 21 | K7: 543656, 543657, 543658, 543659, 543660, 543661, 543662, 543663, 543664, 543665, 543666, 543667, 543668, 543669, 543670, 543671, 543672, 543673, 543674, 543653, 543654
A8: 43957 | B8: 0 | C8: 25 | D8: =B8-C8 -> -25 | K8: 542136, 542137, 542138, 542139, 542140, 542141, 542142, 542143, 542144, 542145, 542146, 542147, 542148, 542149, 542150, 542151, 542152, 542153 , 541621, 541461, 539793, 539794, 543666, 543667, 543668 | L8: Sonderfahrt 2020/176-1
A9: 43962 | B9: 0 | C9: 5 | D9: =B9-C9 -> -5 | K9: 538681, 538682, 538683, 538649, 538650
A10: 43962 | B10: 22 | C10: 0 | D10: =B10-C10 -> 22 | K10: 544134, 544135, 544136, 544137, 544138, 544139, 544140, 544195, 544196, 544197, 544198, 544199, 544200, 544201, 544202, 544203, 544204, 544205, 544206, 544207, 544208, 544209
A11: 43965 | B11: 0 | C11: 18 | D11: =B11-C11 -> -18 | K11: 523367, 523368, 537745, 537746, 532391, 532392, 532393, 532394, 532395, 532396, 533522, 533523, 533524, 533525, 533526, 542065, 542154, 542155 | L11: Sonderfahrt 2020/181-1
A12: 43969 | B12: 0 | C12: 0 | D12: 0 | E12: 29 | K12: Handling Zwischenlager Block - Paletten labeln | L12: direktanlieferung
A13: 43969 | B13: 29 | C13: 0 | D13: =B13-C13 -> 29 | K13: 544508, 544509, 544510, 544511, 544512, 544513, 544514, 544515, 544516, 544517, 544518, 544519, 544520, 544521, 544522, 544523, 544524, 544525, 544526, 544527, 544528, 544529, 544530, 544531, 544532, 544533, 544534, 544535, 544536 | L13: aus direktanlieferung vom 18.05.2020
A14: 43969 | B14: 4 | C14: 4 | D14: =B14-C14 -> 0 | E14: 4 | K14: Musterzug; je 1 Bulk von : 544532, 544529, 544526, 544523 | L14: Sonderfahrt 2020/186-1
A15: 43970 | B15: 0 | C15: 0 | D15: =B15-C15 -> 0 | E15: 16 | K15: Handling Zwischenlager Block - Paletten labeln | L15: direktanlieferung
A16: 43971 | B16: 16 | C16: 0 | D16: =B16-C16 -> 16 | K16: 544645, 544659, 544660, 544661, 544662, 544663, 544664, 544665, 544666, 544667, 544668, 544669, 544670, 544671, 544672, 544673 | L16: aus direktanlieferung vom 19.05.2020
A17: 43979 | B17: 0 | C17: 30 | D17: =B17-C17 -> -30 | K17: 544134, 544135, 544136, 544137, 544138, 508531, 524961, 524962, 524963, 524964, 532565, 532566, 532567, 532568, 532569, 532570, 532571, 532572, 532573, 532574, 523117, 541622, 541623, 541624, 541462, 541064, 541065, 541066, 539800, 542061
A18: 43979 | B18: 17 | C18: 0 | D18: =B18-C18 -> 17 | K18: 544871, 544872, 544873, 544874, 544875, 544876, 544877, 544878, 544928, 544929, 544930, 544931, 544932, 544933, 539816, 539817, 539818
D19: =B19-C19 -> 0
D20: =B20-C20 -> 0
D21: =B21-C21 -> 0
D22: =B22-C22 -> 0
D23: =B23-C23 -> 0
D24: =B24-C24 -> 0
D25: =B25-C25 -> 0
D26: =B26-C26 -> 0
D27: =B27-C27 -> 0
D28: =B28-C28 -> 0
D29: =B29-C29 -> 0
D30: =B30-C30 -> 0
... D44: =B44-C44 -> 0

Sheet 06.20
A1: Panpharma Lager | J1: Kontingent: | K1: =288+132+36+36+102 -> 594
F2: Übertrag aus Vormonat: | J2: Verfügbar: | K2: =K1-F6 -> 162
F3: ='05.20'!F6 -> 405
A4: Datum | B4: Ein- lagerung | C4: Aus- lagerung | D4: Zu- / Abgang | E4: Extra Handling | F4: Lagerbestand ist | G4: Bewegung Einlagerung | H4: Bewegung Auslagerung | J4: Summe Bewegungen | K4: EB-Nummer(n)
L5: Traffic Bewegungen : Kontingent
F6: =SUM(D:D)+F3 -> 432 | G6: =SUM(B:B) -> 123 | H6: =SUM(C:C) -> 96 | J6: =SUM(G6:H6)+SUM(E:E) -> 290 | L6: =J6/K1 -> 0.48821549
A7: 43984 | B7: 0 | C7: 11 | D7: =B7-C7 -> -11 | K7: 544195, 544196, 544197, 544198, 540465, 540466, 540467, 540468, 543656, 543657, 543658 | L7: Sonderfahrt (der 2. Teil) 2020/206-1
A8: 43984 | B8: 0 | C8: 0 | D8: =B8-C8 -> 0 | E8: 12 | K8: Handling Zwischenlager Block - Paletten labeln | L8: direktanlieferung
A9: 43986 | B9: 12 | C9: 0 | D9: =B9-C9 -> 12 | K9: 545244, 545245, 545246, 545247, 545248, 545249, 545250, 545251, 545252, 545253, 545254, 545255 | L9: Einlagerung aus Direktanlieferung vom 02.06.2020
A10: 43990 | B10: 0 | C10: 18 | D10: =B10-C10 -> -18 | K10: 544871, 544872, 544873, 544659, 544660, 544661, 544662, 544663, 544664, 544665, 544666, 544667, 541050, 541051, 541052, 539816, 534480, 534481
A11: 43990 | B11: 7 | C11: 0 | D11: =B11-C11 -> 7 | K11: 545457, 545458, 545459, 545460, 545461, 545462, 545463
A12: 43990 | B12: 8 | C12: 0 | D12: =B12-C12 -> 8 | K12: 545572, 545573, 545574, 545575, 545576, 545577, 545578, 545579 | L12: Sonderfahrt 2020/211-1
A13: 43993 | B13: 0 | C13: 9 | D13: =B13-C13 -> -9 | K13: 523167, 523168, 523169, 529118, 541625, 541626, 469539, 544928, 544929
A14: 43993 | B14: 3 | C14: 0 | D14: =B14-C14 -> 3 | K14: 545754, 545755, 545756
A15: 43994 | B15: 0 | C15: 0 | D15: =B15-C15 -> 0 | E15: 35 | K15: Handling Zwischenlager Block - Paletten labeln | L15: direktanlieferung
A16: 43994 | B16: 35 | C16: 0 | D16: =B16-C16 -> 35 | K16: 545890, 545891, 545892, 545893, 545894, 545897, 545898, 545899, 545900, 545901, 545902, 545903, 545904, 545905, 545906, 545907, 545908, 545909, 545910, 545911, 545912, 545913, 545914, 545915, 545916, 545917, 545918, 545919, 545920, 545921, 545922, 545923, 545924, 545925, 545926 | L16: Einlagerung aus Direktanlieferung vom 12.06.2020
A17: 44000 | B17: 0 | C17: 25 | D17: =B17-C17 -> -25 | K17: 532397, 532398, 532399, 532400, 532401, 532402, 532403, 532404, 532405, 532406, 532407, 532408, 532409, 532410, 532411, 532412, 532413, 532414, 544874, 544875, 541627, 541628, 541463, 542062, 513777
A18: 44000 | B18: 14 | C18: 0 | D18: =B18-C18 -> 14 | K18: 546022, 546023, 546024, 546025, 546026, 546072, 546073, 546065, 546066, 546067, 546068, 546069, 546070, 546071
A19: 44001 | B19: 8 | C19: 0 | D19: =B19-C19 -> 8 | K19: 546241, 546242, 546243, 546244, 546245, 546246, 546247, 546248
A20: 44004 | B20: 0 | C20: 3 | D20: =B20-C20 -> -3 | K20: 540094, 540095, 540096 | L20: Sonderfahrt 2020/222-1
A21: 44005 | B21: 0 | C21: 0 | D21: =B21-C21 -> 0 | E21: 24 | K21: Handling Zwischenlager Block - Paletten labeln | L21: direktanlieferung
A22: 44007 | B22: 0 | C22: 27 | D22: =B22-C22 -> -27 | K22: 544876, 544877, 544878, 538827, 538828, 538829, 538830, 538831, 538832, 538833, 538834, 538835, 538836, 538837, 538838, 545244, 545245, 545246, 545247, 545248, 541464, 541645, 543669, 542063, 539817, 541776, 543654
A23: 44007 | B23: 0 | C23: 3 | D23: =B23-C23 -> -3 | K23: 526785, 526786, 526787 | L23: Sonderfahrt 2020/231-1
A24: 44007 | B24: 24 | C24: 0 | D24: =B24-C24 -> 24 | K24: 546560, 546561, 546562, 546563, 546564, 546565, 546566, 545567, 546568, 546569, 546570, 546571, 546572, 546573, 546574, 546575, 546576, 546577, 546578, 546580, 546581, 546582, 546583, 546584 | L24: Einlagerung aus Direktanlieferung vom 23.06.2020
A25: 44007 | B25: 12 | C25: 0 | D25: =B25-C25 -> 12 | K25: 546376, 546377, 546378, 546379, 546380, 546381, 546446, 546447, 546448, 546449, 546450, 546451
D26: =B26-C26 -> 0
D27: =B27-C27 -> 0
D28: =B28-C28 -> 0
D29: =B29-C29 -> 0
D30: =B30-C30 -> 0
D31: =B31-C31 -> 0
D32: =B32-C32 -> 0
D33: =B33-C33 -> 0
D34: =B34-C34 -> 0
D35: =B35-C35 -> 0
D36: =B36-C36 -> 0
D37: =B37-C37 -> 0
... D44: =B44-C44 -> 0

Sheet 07.20
A1: Panpharma Lager | J1: Kontingent: | K1: =288+132+36+36+102 -> 594
F2: Übertrag aus Vormonat: | J2: Verfügbar: | K2: =K1-F6 -> 158
F3: ='06.20'!F6 -> 432
A4: Datum | B4: Ein- lagerung | C4: Aus- lagerung | D4: Zu- / Abgang | E4: Extra Handling | F4: Lagerbestand ist | G4: Bewegung Einlagerung | H4: Bewegung Auslagerung | J4: Summe Bewegungen | K4: EB-Nummer(n)
L5: Traffic Bewegungen : Kontingent
F6: =SUM(D:D)+F3 -> 436 | G6: =SUM(B:B) -> 116 | H6: =SUM(C:C) -> 112 | J6: =SUM(G6:H6)+SUM(E:E) -> 328 | L6: =J6/K1 -> 0.55218855
A7: 44012 | B7: 0 | C7: 0 | D7: =B7-C7 -> 0 | E7: 26 | K7: Handling Zwischenlager Block - Paletten labeln | L7: direktanlieferung
A8: 44013 | B8: 26 | C8: 0 | D8: =B8-C8 -> 26 | K8: 546898, 546899, 546900, 546901, 546902, 546903, 546904, 546905, 546906, 546907, 546908, 546909, 546910, 546911, 546912, 546913, 546914, 546915, 546916, 546917, 546918, 546919, 546920, 546921, 546922, 546923 | L8: Einlagerung aus Direktanlieferung vom 30.06.2020
A9: 44013 | B9: 0 | C9: 25 | D9: =B9-C9 -> -25 | K9: 546241, 546242, 546243, 546244, 546245, 531891, 523048, 544199, 544200, 544201, 544202, 544203, 544204, 544205, 544206, 544207, 544208, 544209, 541629, 541630, 541053, 543670, 543671, 543672, 539818
A10: 44013 | B10: 1 | C10: 1 | D10: =B10-C10 -> 0 | E10: 1 | K10: Musterzug 1 Karton von Art.AMP3D125 aus Direktanl. vom 30.06.2020
A11: 44013 | B11: 0 | C11: 13 | D11: =B11-C11 -> -13 | K11: 546911, 546912, 546913, 546914, 546915, 546916, 546917, 546918, 546919, 546920, 546921, 546922, 546923 | L11: Auslagerung zur Änderung der EB-Nummern; alte EB-Nummern entfernen (Lieferantencharge wurde nicht erfasst)
A12: 44013 | B12: 13 | C12: 0 | D12: =B12-C12 -> 13 | E12: 13 | K12: 547028, 547029, 547030, 547031, 547032, 547033, 547034, 547035, 547036, 547037, 547038, 547039, 547040 | L12: Mit neuen EB-Nummern versehen; wieder eingelagert
A13: 44019 | B13: 0 | C13: 18 | D13: =B13-C13 -> -18 | K13: 000094, 545249, 545250, 545251, 546376, 546377, 546378, 541631, 541632, 541466, 543673, 543674, 545890, 545891, 542156, 542157, 542158, 544508
A14: 44021 | B14: 0 | C14: 18 | D14: =B14-C14 -> -18 | K14: 544509, 544510, 544511, 544512, 544513, 544514, 544515, 544516, 544517, 544518, 544519, 544520, 544521, 544522, 544523, 544524, 544525, 544526
A15: 44021 | B15: 6 | C15: 0 | D15: =B15-C15 -> 6 | K15: 547482, 547483, 547484, 547485, 547486, 547487
A16: 44026 | B16: 0 | C16: 9 | D16: =B16-C16 -> -9 | K16: 541633, 541634, 541635, 546898, 546899, 546900, 546901, 542064, 541777
A17: 44028 | B17: 0 | C17: 0 | D17: =B17-C17 -> 0 | E17: 24 | K17: Handling Zwischenlager Block - Paletten labeln | L17: direktanlieferung
A18: 44028 | B18: 1 | C18: 19 | D18: =B18-C18 -> -18 | K18: Musterzug 2 Karton von 373323, 541467, 541468, 545457, 541636, 541637, 542066, 541054, 545903, 541780, 541781, 541782, 541783, 541784, 545892, 545893, 545894, 543659, 543660
A19: 44028 | B19: 24 | C19: 0 | D19: =B19-C19 -> 24 | K19: 547888, 547889, 547890, 547891, 547892, 547893, 547894, 547895, 547896, 547897, 547898, 547899, 547900, 547901, 547902, 547905, 547906, 547907, 547908, 547909, 547910, 547911, 547912, 547913 | L19: Einlagerung aus Direktanlieferung vom 16.07.2020
A20: 44034 | B20: 0 | C20: 9 | D20: =B20-C20 -> -9 | K20: 543661, 543662, 543663, 543664, 543665, 541638, 546560, 545458, 542067 | L20: 542067 war am 29.07.2020 physisch bei HS nicht auffindbar, laut Goncharov bereits am 22.07.2020 an Panpharma geliefert. Suche bei HS erfolgte, da freier Platz hätte belegt sein müssen (MK)
A21: 44034 | B21: 9 | C21: 0 | D21: =B21-C21 -> 9 | K21: 547995, 547996, 547997, 547998, 548136, 548137, 548138, 548139, 548140
A22: 44041 | B22: 0 | C22: 0 | D22: =B22-C22 -> 0 | E22: 14 | K22: Handling Zwischenlager Block - Paletten labeln | L22: 1. Direktanlieferung am 29.07.2020 PANPHARMA 14 Pal. getauscht
A23: 44041 | B23: 0 | C23: 0 | D23: =B23-C23 -> 0 | E23: 15 | K23: Handling Zwischenlager Block - Paletten labeln | L23: 2. Direktanlieferung am 29.07.2020 PANPHARMA 15 Pal. getauscht
A24: 44041 | B24: 0 | C24: 0 | D24: =B24-C24 -> 0 | E24: 7 | K24: Handling Zwischenlager Block - Paletten labeln | L24: 3. Direktanlieferung am 29.07.2020 PANPHARMA 7 Pal. getauscht
A25: 44041 | B25: 14 | C25: 0 | D25: =B25-C25 -> 14 | K25: 548348, 548349, 548350, 548351, 548352, 548353, 548354, 548355, 548356, 548357, 548358, 548359, 548360, 548361 | L25: Einlagerung aus 1. Direktanlieferung am 29.07.2020
A26: 44041 | B26: 15 | C26: 0 | D26: =B26-C26 -> 15 | K26: 548365, 548366, 548367, 548368, 548369, 548370, 548371, 548372, 548373, 548374, 548375, 548376, 548377, 548378, 548379 | L26: Einlagerung aus 2. Direktanlieferung am 29.07.2020
A27: 44041 | B27: 7 | C27: 0 | D27: =B27-C27 -> 7 | K27: 548390, 548391, 548392, 548393, 548394, 548395, 548396 | L27: Einlagerung aus 3. Direktanlieferung am 29.07.2020
D28: =B28-C28 -> 0
D29: =B29-C29 -> 0
D30: =B30-C30 -> 0
D31: =B31-C31 -> 0
D32: =B32-C32 -> 0
D33: =B33-C33 -> 0
D34: =B34-C34 -> 0
D35: =B35-C35 -> 0
D36: =B36-C36 -> 0
D37: =B37-C37 -> 0
D38: =B38-C38 -> 0
D39: =B39-C39 -> 0
... D44: =B44-C44 -> 0

Sheet 08.20
A1: Panpharma Lager | J1: Kontingent: | K1: =288+132+36+36+102 -> 594
F2: Übertrag aus Vormonat: | J2: Verfügbar: | K2: =K1-F6 -> 145
F3: ='07.20'!F6 -> 436
A4: Datum | B4: Ein- lagerung | C4: Aus- lagerung | D4: Zu- / Abgang | E4: Extra Handling | F4: Lagerbestand ist | G4: Bewegung Einlagerung | H4: Bewegung Auslagerung | J4: Summe Bewegungen | K4: EB-Nummer(n)
L5: Traffic Bewegungen : Kontingent
F6: =SUM(D:D)+F3 -> 449 | G6: =SUM(B:B) -> 141 | H6: =SUM(C:C) -> 128 | J6: =SUM(G6:H6)+SUM(E:E) -> 417 | L6: =J6/K1 -> 0.7020202
A7: 44050 | B7: 0 | C7: 14 | D7: =B7-C7 -> -14 | K7: 541072, 541073, 545904, 545905, 545897, 545898, (541638), 548390, 546379, 402096, 415512, 415513, 415515, 426170, 450798 | L7: 541638 wurde zwar heute ausgeliefert, aber bereits am 22.07.2020 ausgebucht
A8: 44050 | B8: 0 | C8: 2 | D8: =B8-C8 -> -2 | K8: 545912, 545913
A9: 44050 | B9: 0 | C9: 0 | D9: =B9-C9 -> 0 | E9: 30 | K9: Handling Zwischenlager Block - Paletten labeln | L9: 1. Direktanlieferung am 07.08.2020 PANPHARMA
A10: 44050 | B10: 0 | C10: 0 | D10: =B10-C10 -> 0 | E10: 31 | K10: Handling Zwischenlager Block - Paletten labeln | L10: 2. Direktanlieferung am 07.08.2020 PANPHARMA
A11: 44050 | B11: 10 | C11: 0 | D11: =B11-C11 -> 10 | K11: 548250, 548251, 548252, 548253, 548458, 548459, 548460, 548461, 548462, 548463
A12: 44053 | B12: 10 | C12: 10 | D12: =B12-C12 -> 0 | E12: 10 | K12: 10 Pal. aus Einl.07.08. ausgelagert, Chargen korrekt zugewiesen (Fehler von Panpharma), wieder eingelagert
A13: 44053 | B13: 30 | C13: 0 | D13: =B13-C13 -> 30 | K13: 548570, 548571, 548572, 548573, 548574, 548575, 548576, 548577, 548578, 548579, 548580, 548581, 548582, 548583, 548584, 548585, 548586, 548587, 548588, 548589, 548590, 548591, 548592, 548593, 548594, 548595, 548534, 548535, 548536, 548539 | L13: Einlagerung aus 1. Direktanlieferung am 07.08.2020 PANPHARMA
A14: 44053 | B14: 31 | C14: 0 | D14: =B14-C14 -> 31 | K14: 548544, 548545, 548546, 548547, 548548, 548549, 548550, 548551, 548552, 548553, 548554, 548555, 548556, 548557, 548558, 548559, 548560, 548561, 548562, 548563, 548564, 548565, 548566, 548567, 548568, 548569, 548596, 548597, 548598, 548599, 548540 | L14: Einlagerung aus 2. Direktanlieferung am 07.08.2020 PANPHARMA
A15: 44053 | B15: 3 | C15: 3 | D15: =B15-C15 -> 0 | E15: 12 | K15: 548539, 548534, 548574 Paletten ausgelagert, 12xMusterzug, eingelagert
A16: 44057 | B16: 1 | C16: 26 | D16: =B16-C16 -> -25 | E16: 1 | K16: 545906, 545907, 544930, 544931, 546902, 546903, 546904, 546905, 546906, 546907, 546908, 546909, 546910, 548348, 548349, 548350, 548351, 548352, 548353, 548354, 544645, 547028, 547029, 547030, 547031 548539 ausgelagert; Musterzug; eingelagert | L16: Sonderfahrt 2020/270-2
A17: 44064 | B17: 0 | C17: 14 | D17: =B17-C17 -> -14 | K17: 546380, 546381, 544527, 544528, 544529, 544530, 544531, 544532, 545914, 545915, 545916, 545917, 545899, 545900 | L17: Sonderfahrt 2020/279-1
A18: 44067 | B18: 0 | C18: 0 | D18: =B18-C18 -> 0 | E18: 27 | K18: Handling Zwischenlager Block - Paletten labeln | L18: 1. Direktanlieferung am 24.08.2020 PANPHARMA
A19: 44067 | B19: 0 | C19: 0 | D19: =B19-C19 -> 0 | E19: 9 | K19: Handling Zwischenlager Block - Paletten labeln | L19: 2. Direktanlieferung am 24.08.2020 PANPHARMA (Pal. getauscht)
A20: 44067 | B20: 9 | C20: 9 | D20: =B20-C20 -> 0 | E20: 9 | K20: Musterzug je 1 Tray aus Palette 548951, 548952, 548953, 548954, 548969, 548972, 548967, 548965, 548963
A21: 44067 | B21: 27 | C21: 0 | D21: =B21-C21 -> 27 | K21: 548951, 548952, 548953, 548954, 548956, 548957, 548958, 548959, 548960, 548961, 548962, 548963, 548964, 548965, 548966, 548967, 548968, 548969, 548970, 548971, 548972, 548973, 548974, 548975, 548976, 548977, 548978 | L21: Einlagerung aus 1. Direktanlieferung am 24.08.2020 PANPHARMA
A22: 44068 | B22: 9 | C22: 0 | D22: =B22-C22 -> 9 | K22: 548993, 548994, 548995, 548996, 548997, 548998, 548999, 549000, 549001 | L22: Einlagerung aus 2. Direktanlieferung am 24.08.2020 PANPHARMA
A23: 44068 | B23: 0 | C23: 7 | D23: =B23-C23 -> -7 | K23: 548355, 548356, 548357, 548358, 548359, 548360, 548361 | L23: Sonderfahrt 2020/280-1
A24: 44069 | B24: 0 | C24: 18 | D24: =B24-C24 -> -18 | K24: 546561, 546562, 546563, 547893, 547894, 547032, 547033, 547034, 547035, 547036, 547037, 547038, 547039, 547040, 547482, 547483, 544932, 544933, Muster v. 24.08.
A25: 44069 | B25: 0 | C25: 0 | D25: =B25-C25 -> 0 | E25: 10 | K25: Handling Zwischenlager Block - Paletten labeln | L25: Direktanlieferung am 26.08.2020 PANPHARMA
A26: 44070 | B26: 1 | C26: 1 | D26: =B26-C26 -> 0 | K26: 549001 Auslagerung; Musterzug durch Panpharma-MA; Einlagerung
A27: 44070 | B27: 10 | C27: 0 | D27: =B27-C27 -> 10 | K27: 549125, 549126, 549127, 549128, 549129, 549130, 549131, 549132, 549133, 549134 | L27: Einlagerung aus Direktanlieferung am 26.08.2020 PANPHARMA
A28: 44071 | B28: 0 | C28: 12 | D28: =B28-C28 -> -12 | K28: 547484, 547485, 547486, 544139, 544140, 548365, 548391, 513778, 545908, 548559, 548560, 548561
A29: 44071 | B29: 0 | C29: 0 | D29: =B29-C29 -> 0 | E29: 9 | K29: Handling Zwischenlager Block - Paletten labeln | L29: Direktanlieferung am 28.08.2020 PANPHARMA (Pal. getauscht)
A30: 44074 | B30: 0 | C30: 12 | D30: =B30-C30 -> -12 | K30: 548544, 548545, 548546, 546564, 548366, 548367, 548368, 548369, 548370, 546246, 546247, 546248
D31: =B31-C31 -> 0
D32: =B32-C32 -> 0
D33: =B33-C33 -> 0
D34: =B34-C34 -> 0
D35: =B35-C35 -> 0
D36: =B36-C36 -> 0
D37: =B37-C37 -> 0
D38: =B38-C38 -> 0
D39: =B39-C39 -> 0
D40: =B40-C40 -> 0
D41: =B41-C41 -> 0
D42: =B42-C42 -> 0
... D44: =B44-C44 -> 0

Sheet 09.20
A1: Panpharma Lager | J1: Kontingent: | K1: =288+132+36+36+102 -> 594
F2: Übertrag aus Vormonat: | J2: Verfügbar: | K2: =K1-F6 -> 113
F3: ='08.20'!F6 -> 449
A4: Datum | B4: Ein- lagerung | C4: Aus- lagerung | D4: Zu- / Abgang | E4: Extra Handling | F4: Lagerbestand ist | G4: Bewegung Einlagerung | H4: Bewegung Auslagerung | J4: Summe Bewegungen | K4: EB-Nummer(n)
L5: Traffic Bewegungen : Kontingent
F6: =SUM(D:D)+F3 -> 481 | G6: =SUM(B:B) -> 203 | H6: =SUM(C:C) -> 171 | J6: =SUM(G6:H6)+SUM(E:E) -> 486 | L6: =J6/K1 -> 0.81818182
A7: 44074 | B7: 0 | C7: 0 | D7: =B7-C7 -> 0 | E7: 23 | K7: Handling Zwischenlager Block - Paletten labeln | L7: Direktanlieferung am 31.08.2020_1 PANPHARMA
A8: 44074 | B8: 9 | C8: 0 | D8: =B8-C8 -> 9 | K8: 549274, 549275, 549276, 549277, 549278, 549279, 549280, 549281, 549282 | L8: Einlagerung aus Direktanlieferung am 28.08.2020_1 PANPHARMA
A9: 44074 | B9: 6 | C9: 6 | D9: =B9-C9 -> 0 | E9: 6 | K9: Palette öffnen; Bulk entnehmen; jeweils 26-27 Muster abzählen; Muster verpacken; Bulk wieder auf Palette; Palette verschließen. 549329, 549338, 549340, 549351, 549352, 549353
A10: 44074 | B10: 23 | C10: 0 | D10: =B10-C10 -> 23 | K10: 549329, 549330, 549331, 549332, 549333, 549334, 549335, 549336, 549337, 549338, 549339, 549340, 549341, 549345, 549346, 549347, 549348, 549349, 549350, 549351, 549352, 549353, 549354 | L10: Einlagerung aus Direktanlieferung am 31.08.2020_1 PANPHARMA
A11: 44074 | B11: 6 | C11: 0 | D11: =B11-C11 -> 6 | K11: 548628, 548629, 548630, 548631, 548632, 548633
A12: 44075 | B12: 0 | C12: 12 | D12: =B12-C12 -> -12 | K12: 544534, 544535, 544536, 548570, 548571, 548572, 548573, 548547, 545909, 545910, 545911, 548562 | L12: Sonderfahrt 287-2
A13: 44076 | B13: 0 | C13: 0 | D13: =B13-C13 -> 0 | E13: 8 | K13: Handling Zwischenlager Block - Paletten labeln | L13: Direktanlieferung am 02.09.2020_1 PANPHARMA
A14: 44076 | B14: 0 | C14: 0 | D14: =B14-C14 -> 0 | E14: 10 | K14: Handling Zwischenlager Block - Paletten labeln | L14: Direktanlieferung am 02.09.2020_2 PANPHARMA
A15: 44076 | B15: 0 | C15: 15 | D15: =B15-C15 -> -15 | K15: 544533, 548574, 548575, 548576, 548577, 548578, 548579, 548580, 548581, 548582, 548583, 548584, 548585, 548586, 548587
A16: 44077 | B16: 8 | C16: 8 | D16: =B16-C16 -> 0 | E16: 8 | K16: 549582, 549583, 549584, 549585, 549586, 549587, 549588, 549589 Musterzug je 1 Tray
A17: 44077 | B17: 8 | C17: 0 | D17: =B17-C17 -> 8 | K17: 549582, 549583, 549584, 549585, 549586, 549587, 549588, 549589 | L17: Einlagerung aus Direktanlieferung am 02.09.2020_1 PANPHARMA
A18: 44077 | B18: 0 | C18: 13 | D18: =B18-C18 -> -13 | K18: 541055, 541056, 547898, 547899, 548563, 548564, 548565, 548371, 548372, 548373, 546565, 548392, 548393 | L18: Sonderfahrt 287-3
A19: 44077 | B19: 1 | C19: 1 | D19: =B19-C19 -> 0 | E19: 1 | K19: Musterzug von 1 Palette aus Direktanlieferung am 02.09.2020_2 PANPHARMA
A20: 44078 | B20: 1 | C20: 1 | D20: =B20-C20 -> 0 | E20: 1 | K20: 000025 Ausglagern; zählen; einlagern (gezählte Menge Aluflaschen: 67) | L20: Auftrag pers. Herr Goncharov am 04.09.2020
A21: 44078 | B21: 10 | C21: 0 | D21: =B21-C21 -> 10 | K21: 549597, 549598, 549599, 549600, 549601, 549602, 549603, 549604, 549605, 549606 | L21: Einlagerung aus Direktanlieferung am 02.09.2020_2 PANPHARMA
A22: 44078 | B22: 3 | C22: 3 | D22: =B22-C22 -> 0 | E22: 3 | K22: Ausgelagert: 549589, 549588, 549587; umgekennzeichnet; Eingelagert: 549594, 549593, 549592 | L22: Umkennzeichnung wegen falscher Menge auf Restpal.
A23: 44081 | B23: 0 | C23: 0 | D23: =B23-C23 -> 0 | E23: 11 | K23: Handling Zwischenlager Block - Paletten labeln | L23: Direktanlieferung am 07.09.2020_1 PANPHARMA (11 Paletten getauscht!)
A24: 44082 | B24: 11 | C24: 0 | D24: =B24-C24 -> 11 | K24: 549796, 549797, 549798, 549799, 549800, 549801, 549802, 549803, 549804, 549805, 549806 | L24: Einlagerung aus Direktanlieferung am 07.09.2020_1 PANPHARMA (11 Paletten zurück erhalten)
A25: 44082 | B25: 1 | C25: 1 | D25: =B25-C25 -> 0 | E25: 1 | K25: Auslagern; 6 Aluflaschen von 000025 entnehmen; einlagern
A26: 44082 | B26: 0 | C26: 15 | D26: =B26-C26 -> -15 | K26: 545918, 545919, 545920, 545921, 545922, 545923, 545924, 546566, 546567, 547995, 547996, 546066, 546067, 546069, 547900
A27: 44082 | B27: 14 | C27: 0 | D27: =B27-C27 -> 14 | K27: 549617, 549618, 549620, 549621, 549622, 549623, 549679, 549680, 549681, 549682, 549683, 549684, 549685, 549686
A28: 44082 | B28: 1 | C28: 1 | D28: =B28-C28 -> 0 | E28: 1 | K28: Auslagern; Deckel + 6 Aluflaschen von 000025 entnehmen; einlagern
A29: 44083 | B29: 1 | C29: 1 | D29: =B29-C29 -> 0 | E29: 1 | K29: 549621 Auslagern; zum Prüfen bereitstellen und wieder verpacken; einlagern | L29: Goncharov + Kollegin möchten Pal. prüfen
A30: 44084 | B30: 0 | C30: 17 | D30: =B30-C30 -> -17 | K30: 548374, 548375, 548376, 548377, 548378, 548379, 548628, 548629, 548548, 548549, 548550, 530178, 530179, 530180, 548539, 549796, 549797
A31: 44084 | B31: 6 | C31: 0 | D31: =B31-C31 -> 6 | K31: 549883, 549884, 549885, 549886, 549887, 549888
A32: 44085 | B32: 0 | C32: 1 | D32: =B32-C32 -> -1 | K32: 548540 | L32: Sonderfahrt 2020/301-1
A33: 44089 | B33: 0 | C33: 18 | D33: =B33-C33 -> -18 | K33: 548534, 548535, 548536, 548250, 548251, 548252, 548253, 548458, 549125, 549126, 549127, 549679, 545925, 545926, 546072, 546073, 545459, 546568
A34: 44089 | B34: 12 | C34: 0 | D34: =B34-C34 -> 12 | K34: 550169, 550170, 550171, 550172, 550173, 550174, 550175, 000103, 000104, 000105, 000106, 000107
A35: 44095 | B35: 0 | C35: 17 | D35: =B35-C35 -> -17 | K35: 548394, 545754, 547888, 547889, 547890, 546569, 546570, 546571, 545460, 545461, 549617, 547901, 547902, 547487, 548993, 548994, 548995
A36: 44095 | B36: 17 | C36: 0 | D36: =B36-C36 -> 17 | K36: 550102, 550103, 550104, 550105, 550106, 550421, 550422, 550423, 550424, 550425, 550426, 550516, 550517, 550518, 550519, 550520, 550521
A37: 44096 | B37: 0 | C37: 0 | D37: =B37-C37 -> 0 | E37: 11 | K37: Handling Zwischenlager Block - Paletten labeln | L37: Direktanlieferung am 22.09.2020_1 PANPHARMA
A38: 44097 | B38: 0 | C38: 0 | D38: =B38-C38 -> 0 | E38: 12 | K38: Handling Zwischenlager Block - Paletten labeln | L38: Direktanlieferung am 23.09.2020_1 PANPHARMA
A39: 44097 | B39: 11 | C39: 0 | D39: =B39-C39 -> 11 | K39: 550655, 550656, 550657, 550658, 550659, 550660, 550661, 550662, 550663, 550664, 550665 | L39: Einlagerung aus Direktanlieferung am 22.09.2020_1 PANPHARMA
A40: 44097 | B40: 4 | C40: 4 | D40: =B40-C40 -> 0 | E40: 4 | K40: MUSTERZUG je 1 Pack 550665, 550663, 550661, 550659
A41: 44098 | B41: 0 | C41: 26 | D41: =B41-C41 -> -26 | K41: 548996, 545572, 545573, 545574, 545575, 545576, 548588, 548589, 548590, 548591, 548592, 548593, 548594, 548595, 549582, 549583, 549584, 549585, 549586, 549592, 549618, 545462, 547891, 546065, 546068, 545755
A42: 44098 | B42: 20 | C42: 0 | D42: =B42-C42 -> 20 | K42: 550528, 550529, 550530, 550531, 550532, 550533, 550523, 550524, 550525, 550739, 550740, 550741, 550742, 550730, 550731, 550732, 550733, 550734, 550735, 000108
A43: 44098 | B43: 0 | C43: 4 | D43: =B43-C43 -> -4 | K43: 547892, 550102, 550103, 550104 | L43: Sonderfahrt 2020/312-1
A44: 44098 | B44: 12 | C44: 0 | D44: =B44-C44 -> 12 | K44: 550717, 550718, 550719, 550720, 550721, 550722, 550723, 550724, 550725, 550726, 550727, 550728 | L44: Einlagerung aus Direktanlieferung am 23.09.2020_1 PANPHARMA
A45: 44098 | B45: 0 | C45: 4 | D45: =B45-C45 -> -4 | K45: Bereitstellung zur Beschau / Kontrolle durch Panpharma 550421, 550422, 550423, 550424
A46: 44099 | B46: 4 | C46: 0 | D46: =B46-C46 -> 4 | K46: Wiedereinlagerung 550421, 550422, 550423, 550424
A47: 44102 | B47: 0 | C47: 0 | D47: =B47-C47 -> 0 | E47: 11 | K47: Handling Zwischenlager Block - Paletten labeln | L47: Direktanlieferung am 28.09.2020_1 PANPHARMA
A48: 44103 | B48: 11 | C48: 0 | D48: =B48-C48 -> 11 | K48: 550961, 550962, 550963, 550964, 550965, 550966, 550967, 550968, 550969, 550970, 550971 | L48: Einlagerung aus Direktanlieferung am 28.09.2020_1 PANPHARMA
A49: 44104 | B49: 3 | C49: 3 | D49: =B49-C49 -> 0 | K49: Bereitstellung zum Musterzug durch Panpharma 550717, 550718, 550719
D50: =B50-C50 -> 0
D51: =B51-C51 -> 0
D52: =B52-C52 -> 0

Sheet 10.20
A1: Panpharma Lager | J1: Kontingent: | K1: =288+132+36+36+102 -> 594
F2: Übertrag aus Vormonat: | J2: Verfügbar: | K2: =K1-F6 -> 130
F3: ='09.20'!F6 -> 481
A4: Datum | B4: Ein- lagerung | C4: Aus- lagerung | D4: Zu- / Abgang | E4: Extra Handling | F4: Lagerbestand ist | G4: Bewegung Einlagerung | H4: Bewegung Auslagerung | J4: Summe Bewegungen | K4: EB-Nummer(n)
L5: Traffic Bewegungen : Kontingent
F6: =SUM(D:D)+F3 -> 464 | G6: =SUM(B:B) -> 170 | H6: =SUM(C:C) -> 187 | J6: =SUM(G6:H6)+SUM(E:E) -> 459 | L6: =J6/K1 -> 0.77272727
A7: 44105 | B7: 0 | C7: 30 | D7: =B7-C7 -> -30 | K7: 545252, 545253, 545254, 545255, 546446, 546447, 546448, 546449, 546450, 546451, 548951, 548952, 548953, 548954, 550734, 550735, 549620, 549621, 548395, 548396, 545463, 469540, 547905, 547906, 547907, 548551, 549680, 549681, 547895, 543653
A8: 44105 | B8: 17 | C8: 0 | D8: =B8-C8 -> 17 | K8: 550943, 550944, 551056, 551057, 551058, 551059, 550945, 550946, 550947, 550948, 550949, 550950, 550951, 550952, 000109, 000110, 000111
A9: 44105 | B9: 5 | C9: 5 | D9: =B9-C9 -> 0 | K9: Bereitstellung zum Musterzug durch Panpharma 550421, 550422, 550423, 550943, 550944
A10: 44106 | B10: 0 | C10: 0 | D10: =B10-C10 -> 0 | E10: 27 | K10: Handling Zwischenlager Block - Paletten labeln | L10: Direktanlieferung am 02.10.2020_1 PANPHARMA
A11: 44109 | B11: 27 | C11: 0 | D11: =B11-C11 -> 27 | K11: 551269, 551270, 551271, 551272, 551273, 551274, 551275, 551276, 551277, 551278, 551279, 551280, 551281, 551282, 551283, 551284, 551285, 551286, 551287, 551288, 551289, 551290, 551291, 551292, 551293, 551294, 551295 | L11: Einlagerung aus Direktanlieferung am 02.10.2020_1 PANPHARMA
A12: 44110 | B12: 0 | C12: 2 | D12: =B12-C12 -> -2 | K12: 548997, 548998 | L12: Sonderfahrt 2020/332-1
A13: 44111 | B13: 12 | C13: 0 | D13: =B13-C13 -> 12 | K13: 551205, 551206, 551207, 551208, 551209, 551210, 551211, 551212, 551213, 000112, 000113, 000114 | L13: Sonderfahrt 2020/332-2
A14: 44112 | B14: 0 | C14: 20 | D14: =B14-C14 -> -20 | K14: 551270, 551271, 549682, 546572, 546573, 549274, 550730, 550731, 550732, 550733, 549622, 549623, 548956, 548957, 548958, 548959, 548960, 548961, 548962, 548963 | L14: Sonderfahrt 2020/332-3
A15: 44112 | B15: 6 | C15: 0 | D15: =B15-C15 -> 6 | K15: 551520, 551521, 551522, 551523, 551524, 551525
A16: 44112 | B16: 6 | C16: 6 | D16: =B16-C16 -> 0 | E16: 6 | K16: 547908, 547909, 547910, 547911, 547912, 547913 | L16: Bereitsstellung; Kennzeichnung als gesperrte Ware; Einlagerung
A17: 44118 | B17: 0 | C17: 0 | D17: =B17-C17 -> 0 | E17: 20 | K17: Handling Zwischenlager Block - Paletten labeln | L17: Direktanlieferung am 14.10.2020_1 PANPHARMA
A18: 44119 | B18: 0 | C18: 0 | D18: =B18-C18 -> 0 | E18: 24 | K18: Handling Zwischenlager Block - Paletten labeln | L18: Direktanlieferung am 15.10.2020_1 PANPHARMA
A19: 44119 | B19: 0 | C19: 38 | D19: =B19-C19 -> -38 | K19: 548136, 548137, 548138, 551056, 551057, 551058, 551059, 549341, 549345, 549346, 549347, 549348, 546574, 546575, 534473, 551280, 549683, 547896, 546070, 548596, 548566, 548567, 544668, 544669, 544670, 544671, 544672, 544673, 550655, 550656, 546022, 534482, 534483, 545577, 545578, 545579, 548999, 549000
A20: 44119 | B20: 12 | C20: 0 | D20: =B20-C20 -> 12 | K20: 551792, 551793, 551794, 551795, 551796, 551797, 551798, 551801, 551729, 551730, 551732, 551733
A21: 44123 | B21: 20 | C21: 0 | D21: =B21-C21 -> 20 | K21: 551863, 551864, 551865, 551866, 551867, 551868, 551869, 551870, 551871, 551872, 551873, 551874, 551875, 551876, 551877, 551878, 551879, 551880, 551881, 551882 | L21: Einlagerung aus Direktanlieferung am 14.10.2020_1 PANPHARMA
A22: 44123 | B22: 24 | C22: 0 | D22: =B22-C22 -> 24 | K22: 551936, 551939, 551940, 551941, 551942, 551943, 551944, 551949, 551950, 551951, 551952, 551953, 551954, 551955, 551956, 551957, 551958, 551959, 551960, 551961, 551962, 551964, 551965, 551966 | L22: Einlagerung aus Direktanlieferung am 15.10.2020_1 PANPHARMA
A23: 44123 | B23: 0 | C23: 1 | D23: =B23-C23 -> -1 | K23: 548459 | L23: Sonderfahrt 2020/336-1
A24: 44126 | B24: 0 | C24: 0 | D24: =B24-C24 -> 0 | E24: 13 | K24: Handling Zwischenlager Block - Paletten labeln | L24: Direktanlieferung am 22.10.2020_1 PANPHARMA
A25: 44126 | B25: 0 | C25: 0 | D25: =B25-C25 -> 0 | E25: 8 | K25: Handling Zwischenlager Block - Paletten labeln | L25: Direktanlieferung am 22.10.2020_2 PANPHARMA (Palettentausch)
A26: 44126 | B26: 0 | C26: =36+7 -> 43 | D26: =B26-C26 -> -43 | K26: 532575, 532576, 532577, 532578, 532579, 532580, 532581, 532582, 532583, 532584, 532585, 532586, 532587, 532588, 532589, 532590, 532591, 532592, 532593, 532594, 532595, 532596, 532597, 532598, 532599, 523118, 524219, 546576, 549275, 548552, 549684, 549685, 549686, 551269, 551272, 551273, 550945, 550946, 550947, 550948, 550949, 550950, 550739
A27: 44126 | B27: 0 | C27: 4 | D27: =B27-C27 -> -4 | K27: 546578, 546580, 546581, 524220 | L27: Sonderfahrt 2020/343-1
A28: 44126 | B28: 4 | C28: 4 | D28: =B28-C28 -> 0 | E28: 4 | K28: Musterzug von Direktanlieferung am 22.10.2020_1 PANPHARMA (von 4 Paletten je 20 Muster)
A29: 44126 | B29: 13 | C29: 0 | D29: =B29-C29 -> 13 | K29: 552325, 552326, 552327, 552328, 552329, 552330, 552331, 552332, 552333, 552334, 552335, 552336, 552337 | L29: Einlagerung aus Direktanlieferung am 22.10.2020_1 PANPHARMA
A30: 44126 | B30: 8 | C30: 0 | D30: =B30-C30 -> 8 | K30: 552369, 552373, 552374, 552375, 552380, 552381, 552382, 552383 | L30: Einlagerung aus Direktanlieferung am 22.10.2020_2 PANPHARMA (Palettentausch)
A31: 44126 | B31: 2 | C31: 2 | D31: =B31-C31 -> 0 | K31: Bereitstellung zur Durschsicht durch Panpharma; Einlagerung 000051, 000054 | L31: Herr Ihde
A32: 44133 | B32: 4 | C32: 4 | D32: =B32-C32 -> 0 | K32: Bereitstellung zur Durschsicht durch Panpharma; Einlagerung 000051, 000054, 000098, 000096 | L32: Herr Ihde
A33: 44133 | B33: 0 | C33: 28 | D33: =B33-C33 -> -28 | K33: 550657, 550658, 550659, 546023, 534484, 550951, 550952, 550169, 550170, 550171, 550172, 550173, 550174, 550175, 551287, 551288, 551289, 546071, 551520, 513779, 550961, 550962, 550963, 550964, 546577, 546582, 546583, 546584
A34: 44133 | B34: 10 | C34: 0 | D34: =B34-C34 -> 10 | K34: 552596, 552597, 552598, 552599, 552600, 552601, 552602, 552603, 552604, 552605
D35: =B35-C35 -> 0
D36: =B36-C36 -> 0
D37: =B37-C37 -> 0
D38: =B38-C38 -> 0
D39: =B39-C39 -> 0
D40: =B40-C40 -> 0
D41: =B41-C41 -> 0
D42: =B42-C42 -> 0
D43: =B43-C43 -> 0
D44: =B44-C44 -> 0

Sheet 11.20
A1: Panpharma Lager | J1: Kontingent: | K1: =288+132+36+36+102 -> 594
F2: Übertrag aus Vormonat: | J2: Verfügbar: | K2: =K1-F6 -> 76
F3: ='10.20'!F6 -> 464
A4: Datum | B4: Ein- lagerung | C4: Aus- lagerung | D4: Zu- / Abgang | E4: Extra Handling | F4: Lagerbestand ist | G4: Bewegung Einlagerung | H4: Bewegung Auslagerung | J4: Summe Bewegungen | K4: EB-Nummer(n)
L5: Traffic Bewegungen : Kontingent
F6: =SUM(D:D)+F3 -> 518 | G6: =SUM(B:B) -> 199 | H6: =SUM(C:C) -> 145 | J6: =SUM(G6:H6)+SUM(E:E) -> 475 | L6: =J6/K1 -> 0.7996633
A7: 44134 | B7: 14 | C7: 0 | D7: =B7-C7 -> 14 | K7: 552792, 552793, 552794, 552795, 552796, 552797, 552798, 552799, 552800, 552809, 552810, 552811, 552812, 552813
A8: 44134 | B8: 0 | C8: 0 | D8: =B8-C8 -> 0 | E8: 17 | K8: Handling Zwischenlager Block - Paletten labeln | L8: Direktanlieferung am 30.10.2020_1 PANPHARMA
A9: 44137 | B9: 0 | C9: 0 | D9: =B9-C9 -> 0 | E9: 45 | K9: Handling Zwischenlager Block - Paletten labeln | L9: Direktanlieferung am 02.11.2020_1 PANPHARMA
A10: 44137 | B10: 17 | C10: 0 | D10: =B10-C10 -> 17 | K10: 552828, 552829, 552830, 552831, 552832, 552833, 552834, 552835, 552836, 552837, 552838, 552839, 552840, 552841, 552842, 552843, 552844 | L10: Einlagerung aus Direktanlieferung am 30.10.2020_1 PANPHARMA
A11: 44137 | B11: 45 | C11: 0 | D11: =B11-C11 -> 45 | K11: 552880, 552881, 552882, 552883, 552884, 552885, 552886, 552887, 552888, 552889, 552890, 552891, 552892, 552893, 552894, 552895, 552896, 552897, 552898, 552899, 552900, 552901, 552902, 552903, 552904, 552905, 552906, 552907, 552908, 552909, 552910, 552911, 552912, 552913, 552914, 552915, 552916, 552917, 552918, 552919, 552920, 552921, 552922, 552923, 552924 | L11: Einlagerung aus Direktanlieferung am 02.11.2020_1 PANPHARMA
A12: 44137 | B12: 0 | C12: 0 | D12: =B12-C12 -> 0 | E12: 22 | K12: Handling Zwischenlager Block - Paletten labeln | L12: Direktanlieferung am 02.11.2020_2 PANPHARMA
A13: 44138 | B13: 5 | C13: 5 | D13: =B13-C13 -> 0 | E13: 5 | K13: Musterzug von Direktanlieferung; jeweils 25Ex 552924, 552921, 552918, 552915, 552912
A14: 44138 | B14: 0 | C14: 4 | D14: =B14-C14 -> -4 | K14: 469541, 469542, 469543, 549001
A15: 44138 | B15: 22 | C15: 0 | D15: =B15-C15 -> 22 | K15: 552935, 552936, 552937, 552938, 552939, 552940, 552941, 552942, 552943, 552944, 552945, 552946, 552947, 552948, 552949, 552950, 552951, 552952, 552953, 552954, 552955, 552956 | L15: Einlagerung aus Direktanlieferung am 02.11.2020_2 PANPHARMA
A16: 44139 | B16: 0 | C16: 9 | D16: =B16-C16 -> -9 | K16: 537011, 537012, 537013, 549329, 549330, 549331, 549332, 549333, 531893 | L16: SONDERFAHRT 2020/348-2
A17: 44140 | B17: 0 | C17: 1 | D17: =B17-C17 -> -1 | K17: 531894 | L17: SONDERFAHRT 2020/357-1
A18: 44141 | B18: 0 | C18: 22 | D18: =B18-C18 -> -22 | K18: 547897, 550528, 550529, 550530, 551936, 549276, 548630, 548631, 550516, 550517, 550518, 550519, 550520, 550521, 550523, 550524, 548553, 551281, 551290, 545901, 551521, 551277
A19: 44141 | B19: 0 | C19: 3 | D19: =B19-C19 -> -3 | K19: 549334, 549335, 549336 | L19: SONDERFAHRT 2020/359-1
A20: 44141 | B20: 3 | C20: 3 | D20: =B20-C20 -> 0 | K20: Bereitstellung zur Durschsicht durch Panpharma; Einlagerung 000106, 000098, 000096 | L20: Herr Ihde
A21: 44141 | B21: 1 | C21: 1 | D21: =B21-C21 -> 0 | E21: 1 | K21: 000100 (Nachverpackt; Karton gerissen) | L21: Ausgelagert; Nachverpackt (Karton gerissen); eingelagert
A22: 44144 | B22: 18 | C22: 0 | D22: =B22-C22 -> 18 | K22: 553300, 553301, 553302, 553303, 553304, 553305, 553306, 553307, 553308, 553309, 553310, 553311, 553312, 553313, 553314, 553315, 553316, 553317
A23: 44147 | B23: 0 | C23: 33 | D23: =B23-C23 -> -33 | K23: 551274, 551275, 551276, 550740, 550741, 549349, 549350, 549351, 549352, 549353, 524297, 552828, 552829, 552830, 552831, 552832, 551939, 551940, 550660, 550661, 550662, 550663, 550664, 550665, 546024, 546025, 546026, 534485, 534486, 523049, 531407, 550525, 551872
A24: 44147 | B24: 6 | C24: 0 | D24: =B24-C24 -> 6 | K24: 553391, 553392, 553393, 553394, 553395, 553396
A25: 44148 | B25: 0 | C25: 1 | D25: =B25-C25 -> -1 | K25: 553391
A26: 44148 | B26: 8 | C26: 0 | D26: =B26-C26 -> 8 | K26: 553563, 553564, 553565, 553566, 553567, 553568, 553569, 553570
A27: 44152 | B27: 12 | C27: 0 | D27: =B27-C27 -> 12 | E27: 0 | K27: 553835, 553836, 553837, 553838, 553814, 553815, 553816, 553817, 553818, 553819, 553820, 553821 | L27: SONDERFAHRT 2020/370-1
A28: 44153 | B28: 3 | C28: 3 | D28: =B28-C28 -> 0 | E28: 3 | K28: MUSTERZUG je 1 Bulk: 549597, 550426, 550944
A29: 44154 | B29: 0 | C29: 33 | D29: =B29-C29 -> -33 | K29: 000093, 548632, 548633, 551205, 549354, 553300, 548964, 548965, 548966, 548967, 548968, 548969, 548970, 548971, 548972, 548973, 548974, 552792, 552793, 533102, 551941, 551942, 551943, 549277, 548554, 551291, 545902, 551522, 551523, 548597, 552596, 552597, 552598, 3x MUSTER
A30: 44158 | B30: 0 | C30: 0 | D30: =B30-C30 -> 0 | E30: 10 | K30: Handling Zwischenlager Block - Paletten labeln | L30: Direktanlieferung am 23.11.2020_1 PANPHARMA
A31: 44158 | B31: 1 | C31: 1 | D31: =B31-C31 -> 0 | K31: Bereitstellung zur Durschsicht durch Panpharma; Einlagerung 000110 | L31: Herr Ihde
A32: 44159 | B32: 10 | C32: 0 | D32: =B32-C32 -> 10 | K32: 554064, 554065, 554066, 554067, 554068, 554069, 554070, 554071, 554072, 554073
A33: 44160 | B33: 0 | C33: 0 | D33: =B33-C33 -> 0 | E33: 28 | K33: Handling Zwischenlager Block - Paletten labeln | L33: Direktanlieferung am 25.11.2020_1 PANPHARMA (28 EUP getauscht)
A34: 44160 | B34: 28 | C34: 0 | D34: =B34-C34 -> 28 | K34: 554284, 554285, 554286, 554287, 554288, 554289, 554290, 554291, 554292, 554293, 554294, 554295, 554296, 554297, 554298, 554299, 554300, 554301, 554302, 554303, 554304, 554305, 554306, 554307, 554308, 554309, ohne-eb1, ohne-eb2 | L34: 2 Paletten wurde keine eb zugeteilt, da diese bald abgerufen werden (Goncharov)
A35: 44161 | B35: 0 | C35: 26 | D35: =B35-C35 -> -26 | K35: 553301, 553302, 553303, 553304, 553305, 553306, 553307, 551206, 551207, 551208, 551209, 552809, 552810, 552811, 551944, 551949, 551950, 551951, 548555, 548556, 550531, 550532, 550533, ArbKor, Ohne1, Ohne2 | L35: SONDERFAHRT 2020/370-2
A36: 44161 | B36: 6 | C36: 0 | D36: =B36-C36 -> 6 | K36: 554021, 554022, 554023, 554024, 554025, 554026
D37: =B37-C37 -> 0
D38: =B38-C38 -> 0
D39: =B39-C39 -> 0
D40: =B40-C40 -> 0
D41: =B41-C41 -> 0
D42: =B42-C42 -> 0
D43: =B43-C43 -> 0
D44: =B44-C44 -> 0

Sheet 12.20
A1: Panpharma Lager | J1: Kontingent: | K1: =288+132+36+36+102 -> 594
F2: Übertrag aus Vormonat: | J2: Verfügbar: | K2: =K1-F6 -> 146
F3: ='11.20'!F6 -> 518
A4: Datum | B4: Ein- lagerung | C4: Aus- lagerung | D4: Zu- / Abgang | E4: Extra Handling | F4: Lagerbestand ist | G4: Bewegung Einlagerung | H4: Bewegung Auslagerung | J4: Summe Bewegungen | K4: EB-Nummer(n)
L5: Traffic Bewegungen : Kontingent
F6: =SUM(D:D)+F3 -> 448 | G6: =SUM(B:B) -> 63 | H6: =SUM(C:C) -> 133 | J6: =SUM(G6:H6)+SUM(E:E) -> 482 | L6: =J6/K1 -> 0.81144781
A7: 44169 | B7: 0 | C7: 0 | D7: =B7-C7 -> 0 | E7: =0.5*518 -> 259 | K7: Vereinfachte Inventur Lagerbestand per 04.12.2020: 0,5 Aufwand x 518 Paletten | L7: nur das Vorhandensein der EB-Nummern abgleichen.
A8: 44169 | B8: 0 | C8: 44 | D8: =B8-C8 -> -44 | K8: 550742, 551792, 551793, 553563, 553564, 553565, 553566, 548975, 548976, 548977, 548978, 552880, 552881, 552882, 552883, 552884, 552885, 552886, 552887, 552888, 552889, 552794, 552795, 000059, 418776, 547908, 551877, 551878, 551879, 551880, 551881, 551882, 551292, 551293, 551294, 548598, 548599, 551863, 551864, 551865, 551866, 548568, 548569, 552941
A9: 44172 | B9: 1 | C9: 1 | D9: =B9-C9 -> 0 | E9: 0 | K9: 523116 Auslagern; Prüfen der Materialnummer; Einlagern
A10: 44174 | B10: 0 | C10: 9 | D10: =B10-C10 -> -9 | K10: 549128, 549129, 549130, 549131, 549132, 549133, 549278, 549279, 523116
A11: 44174 | B11: 1 | C11: 1 | D11: =B11-C11 -> 0 | E11: 1 | K11: 523119 Auslagern; Prüfen der Mengen, Materialnummer, Chargennummern; Einlagern
A12: 44174 | B12: 6 | C12: 0 | D12: =B12-C12 -> 6 | K12: 554829, 554830, 554831, 554832, 554833, 554834
A13: 44175 | B13: 0 | C13: 23 | D13: =B13-C13 -> -23 | K13: 000083, 551794, 551795, 551796, 552891, 552892, 552893, 552894, 552895, 552896, 552897, 552898, 552899, 552900, 552901, 552902, 552903, 552904, 552905, 551952, 551953, 551295, 553814
A14: 44176 | B14: 0 | C14: 1 | D14: =B14-C14 -> -1 | K14: 453003 | L14: Sonderfahrt 2020/388-1
A15: 44180 | B15: 0 | C15: 5 | D15: =B15-C15 -> -5 | K15: 552796, 552797, 551729, 551730, 551732
A16: 44182 | B16: 0 | C16: 18 | D16: =B16-C16 -> -18 | K16: 551797, 551798, 551210, 551211, 551212, 551213, 554833, 554834, 551954, 551955, 551956, 551957, 549280, 551733, 551282, 553815, 551867, 551868
A17: 44182 | B17: 0 | C17: 4 | D17: =B17-C17 -> -4 | K17: 551524, 551525, 553817, 553816 | L17: Sonderfahrt 2020/391-1
A18: 44182 | B18: 8 | C18: 0 | D18: =B18-C18 -> 8 | K18: 555179, 555180, 555181, 555182, 555184, 555185, 555262, 555261
A19: 44186 | B19: 0 | C19: 0 | D19: =B19-C19 -> 0 | E19: 26 | K19: Handling Zwischenlager Block - Paletten labeln | L19: Direktanlieferung am 21.12.2020_1 PANPHARMA
A20: 44187 | B20: 26 | C20: 0 | D20: =B20-C20 -> 26 | K20: 555437, 555438, 555439, 555440, 555441, 555442, 555443, 555444, 555445, 555446, 555447, 555448, 555449, 555450, 555451, 555452, 555453, 555454, 555455, 555456, 555457, 555458, 555459, 555460, 555461, 555462 | L20: Einlagerung aus Direktanlieferung am 21.12.2020_1 PANPHARMA
A21: 44188 | B21: 0 | C21: 22 | D21: =B21-C21 -> -22 | K21: 552890, 552906, 552907, 552908, 552909, 552910, 552911, 552912, 552913, 552914, 552915, 552916, 552917, 552918, 552919, 552920, 552921, 552922, 552923, 552924, 551873, 548557
A22: 44188 | B22: 0 | C22: 5 | D22: =B22-C22 -> -5 | K22: 552599, 552600, 552601, 552602, 552603 | L22: Sonderfahrt 2020/393-1
A23: 44188 | B23: 21 | C23: 0 | D23: =B23-C23 -> 21 | K23: 555390, 555391, 555392, 555393, 555394, 555395, 555396, 555397, 555489, 555490, 555492, 555493, 555494, 555495, 555498, 555565, 555566, 555567, 555568, 555569, ArbKor
D24: =B24-C24 -> 0
D25: =B25-C25 -> 0
D26: =B26-C26 -> 0
D27: =B27-C27 -> 0
D28: =B28-C28 -> 0
D29: =B29-C29 -> 0
D30: =B30-C30 -> 0
D31: =B31-C31 -> 0
D32: =B32-C32 -> 0
D33: =B33-C33 -> 0
D34: =B34-C34 -> 0
D35: =B35-C35 -> 0
... D44: =B44-C44 -> 0

Sheet 01.21
A1: Panpharma Lager | J1: Kontingent: | K1: =288+132+36+36+102 -> 594
F2: Übertrag aus Vormonat: | J2: Verfügbar: | K2: =K1-F6 -> 140
F3: ='12.20'!F6 -> 448
A4: Datum | B4: Ein- lagerung | C4: Aus- lagerung | D4: Zu- / Abgang | E4: Extra Handling | F4: Lagerbestand ist | G4: Bewegung Einlagerung | H4: Bewegung Auslagerung | J4: Summe Bewegungen | K4: EB-Nummer(n)
L5: Traffic Bewegungen : Kontingent
F6: =SUM(D:D)+F3 -> 454 | G6: =SUM(B:B) -> 134 | H6: =SUM(C:C) -> 128 | J6: =SUM(G6:H6)+SUM(E:E) -> 379 | L6: =J6/K1 -> 0.63804714
A7: 44203 | B7: 0 | C7: 31 | D7: =B7-C7 -> -31 | K7: 552604, 552605, 554073, 549798, 549799, 549800, 549337, 549338, 549339, 549340, 552325, 552326, 552327, 552328, 552329, 552330, 552331, 552332, 552333, 552334, 552335, 552336, 552337, 533103, 531895, 552798, 552799, 551958, 551283, 550965, 000089
A8: 44203 | B8: 3 | C8: 0 | D8: =B8-C8 -> 3 | K8: 000083, 000093, 000094
A9: 44209 | B9: 0 | C9: 0 | D9: =B9-C9 -> 0 | E9: 37 | K9: Handling Zwischenlager Block - Paletten labeln | L9: Direktanlieferung am 13.01.2021_1 PANPHARMA
A10: 44209 | B10: 0 | C10: 16 | D10: =B10-C10 -> -16 | K10: 553567, 553568, 553569, 553570, 551284, 553818, 552951, 550966, 551869, 551870, 549593, 549594, 555489, 555490, 555492, ArbKor
A11: 44209 | B11: 0 | C11: 10 | D11: =B11-C11 -> -10 | K11: 553819, 553820, 553821, 554298, 554299, 554297, 552812, 552813, 554829, 554830 | L11: Sonderfahrt 13-1
A12: 44209 | B12: 5 | C12: 5 | D12: =B12-C12 -> 0 | E12: 5 | K12: Musterzug von Direktanlieferung am 13.01.2021_1 PANPHARMA; jeweils 1 Bulk 556187, 556188, 556189, 556190, 556191
A13: 44209 | B13: 10 | C13: 0 | D13: =B13-C13 -> 10 | K13: 556077, 556078, 556079, 556080, 555924, 555925, 555926, 555927, 555928, 555929
A14: 44209 | B14: 37 | C14: 0 | D14: =B14-C14 -> 37 | K14: 556204, 556161, 556162, 556163, 556164, 556165, 556166, 556167, 556168, 556169, 556170, 556171, 556172, 556173, 556174, 556175, 556176, 556177, 556178, 556179, 556180, 556181, 556182, 556183, 556184, 556185, 556186, 556187, 556188, 556189, 556190, 556191, 556192, 556193, 556194, 556195, 556196 | L14: Einlagerung aus Direktanlieferung am 13.01.2021_1 PANPHARMA
A15: 44210 | B15: 1 | C15: 1 | D15: =B15-C15 -> 0 | E15: 1 | K15: Musterzug je 1 Bulk 556080
A16: 44211 | B16: 0 | C16: 0 | D16: =B16-C16 -> 0 | E16: 34 | K16: Handling Zwischenlager Block - Paletten labeln | L16: Direktanlieferung am 15.01.2021_1 PANPHARMA
A17: 44211 | B17: 34 | C17: 0 | D17: =B17-C17 -> 34 | K17: 556308, 556309, 556310, 556311, 556312, 556313, 556314, 556315, 556316, 556317, 556318, 556319, 556320, 556321, 556322, 556323, 556324, 556325, 556326, 556327, 556328, 556329, 556330, 556331, 556332, 556333, 556334, 556335, 556336, 556337, 556338, 556339, 556340, 556341 | L17: Einlagerung aus Direktanlieferung am 15.01.2021_1 PANPHARMA
A18: 44216 | B18: 4 | C18: 4 | D18: =B18-C18 -> 0 | K18: 556188, 556189, 556187, 556191 | L18: Auslagerung; Bereitstellung zur Prüfung durch PPH Goncharov; Einlagerung
A19: 44217 | B19: 0 | C19: 29 | D19: =B19-C19 -> -29 | K19: 555179, 555180, 555181, 555182, 555184, 555185, 552800, 549134, 549597, 549598, 549599, 549600, 549601, 549602, 551959, 549281, 549282, 534474, 551801, 554300, 554301, 551285, 551286, 552952, 552953, 552954, 556336, 556337, 555455
A20: 44221 | B20: 0 | C20: 0 | D20: =B20-C20 -> 0 | E20: 22 | K20: Handling Zwischenlager Block - Paletten labeln | L20: Direktanlieferung am 25.01.2021_1 PANPHARMA
A21: 44221 | B21: 0 | C21: 0 | D21: =B21-C21 -> 0 | E21: 18 | K21: Handling Zwischenlager Block - Paletten labeln | L21: Direktanlieferung am 25.01.2021_2 PANPHARMA
A22: 44221 | B22: 22 | C22: 0 | D22: =B22-C22 -> 22 | K22: 556638, 556639, 556640, 556641, 556642, 556643, 556644, 556645, 556646, 556647, 556648, 556649, 556650, 556651, 556652, 556653, 556654, 556655, 556656, 556657, 556658, 556659 | L22: Einlagerung aus Direktanlieferung am 25.01.2021_1 PANPHARMA
A23: 44221 | B23: 18 | C23: 0 | D23: =B23-C23 -> 18 | K23: 556660, 556661, 556662, 556663, 556664, 556665, 556666, 556667, 556668, 556669, 556670, 556671, 556672, 556673, 556674, 556675, 556676, 556677 | L23: Einlagerung aus Direktanlieferung am 25.01.2021_2 PANPHARMA
A24: 44224 | B24: 0 | C24: 32 | D24: =B24-C24 -> -32 | K24: 549604, 549605, 549606, 550717, 550718, 550719, 550720, 550721, 550522, 552723, 550724, 550725, 550726, 556161, 556162, 556163, 556164, 556165, 556166, 556167, 556168, 556169, 556170, 556171, 556172, 556173, 556174, 556175, 555565, 555566, 555567, 5550105 | L24: Sonderfahrt 17-1
D25: =B25-C25 -> 0
D26: =B26-C26 -> 0
D27: =B27-C27 -> 0
D28: =B28-C28 -> 0
D29: =B29-C29 -> 0
D30: =B30-C30 -> 0
D31: =B31-C31 -> 0
D32: =B32-C32 -> 0
D33: =B33-C33 -> 0
D34: =B34-C34 -> 0
D35: =B35-C35 -> 0
D36: =B36-C36 -> 0
... D44: =B44-C44 -> 0

Sheet 02.21
A1: Panpharma Lager | J1: Kontingent: | K1: =288+132+36+36+102 -> 594
F2: Übertrag aus Vormonat: | J2: Verfügbar: | K2: =K1-F6 -> 38
F3: ='01.21'!F6 -> 454
A4: Datum | B4: Ein- lagerung | C4: Aus- lagerung | D4: Zu- / Abgang | E4: Extra Handling | F4: Lagerbestand ist | G4: Bewegung Einlagerung | H4: Bewegung Auslagerung | J4: Summe Bewegungen | K4: EB-Nummer(n)
L5: Traffic Bewegungen : Kontingent
F6: =SUM(D:D)+F3 -> 556 | G6: =SUM(B:B) -> 259 | H6: =SUM(C:C) -> 157 | J6: =SUM(G6:H6)+SUM(E:E) -> 579 | L6: =J6/K1 -> 0.97474747
A7: 44228 | B7: 1 | C7: 1 | D7: =B7-C7 -> 0 | E7: 1 | K7: 523119 Auslagern, zählen, einlagern
A8: 44228 | B8: 19 | C8: 0 | D8: =B8-C8 -> 19 | K8: 556946, 556947, 556948, 556949, 556950, 556951, 556952, 556953, 556955, 556938, 556939, 556940, 556941, 556942, 556943, 556931, 556932, 556933, 556934
A9: 44228 | B9: 24 | C9: 0 | D9: =B9-C9 -> 24 | K9: 557009, 557028, 557029, 557017, 557018, 557019, 557020, 557021, 557022, 557023, 557024, 557025, 557026, 557010, 557011, 557012, 557013, 557014, 557015, 557016, 557005, 557006, 557007, 557008
A10: 44228 | B10: 0 | C10: 8 | D10: =B10-C10 -> -8 | K10: 556638, 556639, 556640, 556641, 556642, 556643, 556644, 556645 | L10: SONDERFAHRT 2021/24-1
A11: 44229 | B11: 10 | C11: 10 | D11: =B11-C11 -> 0 | E11: 10 | K11: Auslagerung; Probenentnahme; Einlagerung 548460, 548461, 548462, 548463, 549883, 549884, 549885, 549886, 549887, 549888 | L11: SONDERFAHRT 2021/24-2
A12: 44230 | B12: 0 | C12: 0 | D12: =B12-C12 -> 0 | E12: 23 | K12: Handling Zwischenlager Block - Paletten labeln | L12: Direktanlieferung am 03.02.2021_1 PANPHARMA
A13: 44231 | B13: 0 | C13: 30 | D13: =B13-C13 -> -30 | K13: 549603, 556660, 533218, 555261, 555262, 000092, 000090, 555444, 555445, 555446, 555924, 555925, 551874, 551875, 551876, 556931, 552369, 552373, 555493, 555498, 550727, 550728, 552833, 552834, 552835, 552836, 552837, 552838, 552839, 552840
A14: 44231 | B14: 23 | C14: 0 | D14: =B14-C14 -> 23 | K14: 557194, 557195, 557196, 557197, 557198, 557199, 557200, 557201, 557202, 557203, 557204, 557205, 557206, 557207, 557208, 557209, 557210, 557211, 557212, 557213, 557214, 557215, 557216 | L14: Einlagerung aus Direktanlieferung am 03.02.2021_1 PANPHARMA
A15: 44232 | B15: 0 | C15: 5 | D15: =B15-C15 -> -5 | K15: 557005, 557006, 557007, 557008, 551960
A16: 44232 | B16: 7 | C16: 0 | D16: =B16-C16 -> 7 | K16: 557282, 557283, 557284, 557285, 557286, 557287, ArbKor
A17: 44239 | B17: 0 | C17: 34 | D17: =B17-C17 -> -34 | K17: 552942, 552943, 552944, 552945, 551278, 551279, 556946, 556176, 556177, 556178, 556179, 556180, 556181, 556182, 556183, 556184, 556185, 556186, 556187, 556188, 556189, 557009, 557028, 557029, 555568, 555569, 552841, 552842, 552843, 552844, 550106, 554064, 554065, 554302
A18: 44239 | B18: 0 | C18: 0 | D18: =B18-C18 -> 0 | E18: 6 | K18: Handling Zwischenlager Block - Paletten labeln | L18: Direktanlieferung am 12.02.2021_1 PANPHARMA
A19: 44239 | B19: 7 | C19: 0 | D19: =B19-C19 -> 7 | K19: 557643, 557644, 557645, 557646, 557647, 557655, 557654
A20: 44242 | B20: 0 | C20: 2 | D20: =B20-C20 -> -2 | K20: 551871, 555437 | L20: SONDERFAHRT 2021/30-1
A21: 44242 | B21: 6 | C21: 0 | D21: =B21-C21 -> 6 | K21: 557767, 557768, 557769, 557770, 557771, 557772 | L21: Einlagerung aus Direktanlieferung am 12.02.2021_1 PANPHARMA
A22: 44245 | B22: 0 | C22: 34 | D22: =B22-C22 -> -34 | K22: 000091, 556190, 556191, 556192, 553308, 553309, 553310, 553311, 553312, 553313, 523364, 523365, 523366, 554284, 554285, 554286, 554287, 554288, 554066, 554067, 554068, 551961, 547997, 556319, 556320, 556932, 556947, 555438, 555439, 555440, 552946, 552947, 552948, 554303
A23: 44245 | B23: 12 | C23: 0 | D23: =B23-C23 -> 12 | K23: 557946, 557947, 557948, 557949, 557950, 557951, 557952, 557953, 557954, 557955, 000089, 000090
A24: 44249 | B24: 0 | C24: 0 | D24: =B24-C24 -> 0 | E24: 27 | K24: Handling Zwischenlager Block - Paletten labeln | L24: Direktanlieferung am 22.02.2021_1 PANPHARMA
A25: 44249 | B25: 3 | C25: 0 | D25: =B25-C25 -> 3 | K25: 000115, 000116, 000117 | L25: SONDERFAHRT 2021/30-2 /// 80x80x95=0,7 / 280x80x167=3,8 / 140x140x107=2,1 ==> 6,6 kbm*12€=79,20€
A26: 44250 | B26: 8 | C26: 8 | D26: =B26-C26 -> 0 | E26: 8 | K26: Musterzug 4 Bulks je Charge: N201482, N211127 | L26: SONDERFAHRT 2021/30-3
A27: 44250 | B27: 27 | C27: 0 | D27: =B27-C27 -> 27 | K27: 558169, 558170, 558171, 558172, 558173, 558174, 558175, 558176, 558177, 558178, 558179, 558180, 558181, 558182, 558183, 558184, 558185, 558186, 558187, 558188, 558189, 558190, 558192, 558193, 558194, 558195, 558196 | L27: Einlagerung aus Direktanlieferung am 22.02.2021_1 PANPHARMA
A28: 44250 | B28: 0 | C28: 0 | D28: =B28-C28 -> 0 | E28: 25 | K28: Handling Zwischenlager Block - Paletten labeln | L28: Direktanlieferung am 23.02.2021_1 PANPHARMA
A29: 44251 | B29: 25 | C29: 0 | D29: =B29-C29 -> 25 | K29: 558295, 558296, 558297, 558298, 558299, 558300, 558301, 558302, 558303, 558304, 558305, 558306, 558307, 558308, 558309, 558310, 558311, 558312, 558313, 558314, 558315, 558316, 558317, 558318, 558319 | L29: Einlagerung aus Direktanlieferung am 23.02.2021_1 PANPHARMA
A30: 44251 | B30: 0 | C30: 0 | D30: =B30-C30 -> 0 | E30: 27 | K30: Handling Zwischenlager Block - Paletten labeln | L30: Direktanlieferung am 24.02.2021_1 PANPHARMA
A31: 44251 | B31: 27 | C31: 0 | D31: =B31-C31 -> 27 | K31: 558364, 558365, 558366, 558367, 558368, 558369, 558370, 558371, 558372, 558373, 558374, 558375, 558376, 558377, 558378, 558379, 558380, 558381, 558382, 558383, 558384, 558385, 558386, 558387, 558388, 558389, 558390 | L31: Einlagerung aus Direktanlieferung am 24.02.2021_1 PANPHARMA
A32: 44251 | B32: 2 | C32: 2 | D32: =B32-C32 -> 0 | E32: 2 | K32: Musterzug je 1 Bulk: 558309, 558310
A33: 44251 | B33: 0 | C33: 6 | D33: =B33-C33 -> -6 | K33: 556321, 556322, 556323, 552949, 552950, 556324 | L33: SONDERFAHRT 2021/30-4
A34: 44251 | B34: 5 | C34: 0 | D34: =B34-C34 -> 5 | K34: 558256, 558257, 558258, 558259, 558260
A35: 44252 | B35: 0 | C35: 17 | D35: =B35-C35 -> -17 | K35: 556193, 556194, 556195, 556204, 556196, 551962, 547998, 557654, 556948, 556338, 556339, 550967, 550968, 550969, 556325, 556326, 556327
A36: 44252 | B36: 6 | C36: 0 | D36: =B36-C36 -> 6 | K36: 558416, 558417, 558418, 558421, 558422, 558423
A37: 44253 | B37: 0 | C37: 0 | D37: =B37-C37 -> 0 | E37: 34 | K37: Handling Zwischenlager Block - Paletten labeln | L37: Direktanlieferung am 26.02.2021_1 PANPHARMA
A38: 44253 | B38: 13 | C38: 0 | D38: =B38-C38 -> 13 | K38: 558538, 558539, 558541, 558542, 558543, 558544, 558546, 558547, 558548, 558566, 558595, 558596, 558597
A39: 44254 | B39: 34 | C39: 0 | D39: =B39-C39 -> 34 | K39: 558551, 558552, 558553, 558554, 558555, 558556, 558557, 558558, 558559, 558560, 558561, 558562, 558563, 558564, 558565, 558567, 558568, 558569, 558570, 558571, 558572, 558573, 558577, 558578, 558579, 558580, 558581, 558582, 558583, 558584, 558585, 558586, 558587, 558588 | L39: Einlagerung aus Direktanlieferung am 26.02.2021_1 PANPHARMA
D40: =B40-C40 -> 0
D41: =B41-C41 -> 0
D42: =B42-C42 -> 0
D43: =B43-C43 -> 0
D44: =B44-C44 -> 0

Sheet 03.21
A1: Panpharma Lager | J1: Kontingent: | K1: =288+132+36+36+102 -> 594
F2: Übertrag aus Vormonat: | J2: Verfügbar: | K2: =K1-F6 -> 65
F3: ='02.21'!F6 -> 556
A4: Datum | B4: Ein- lagerung | C4: Aus- lagerung | D4: Zu- / Abgang | E4: Extra Handling | F4: Lagerbestand ist | G4: Bewegung Einlagerung | H4: Bewegung Auslagerung | J4: Summe Bewegungen | K4: EB-Nummer(n)
L5: Traffic Bewegungen : Kontingent
F6: =SUM(D:D)+F3 -> 529 | G6: =SUM(B:B) -> 117 | H6: =SUM(C:C) -> 144 | J6: =SUM(G6:H6)+SUM(E:E) -> 339 | L6: =J6/K1 -> 0.57070707
A7: 44257 | B7: 0 | C7: 5 | D7: =B7-C7 -> -5 | K7: 555390, 555391, 555392, 555393, 555394 | L7: SONDERFAHRT 2021/47-1
A8: 44257 | B8: 5 | C8: 0 | D8: =B8-C8 -> 5 | K8: 558654, 558655, 558656, 558657, 558658
A9: 44259 | B9: 0 | C9: 29 | D9: =B9-C9 -> -29 | K9: 548139, 548140, 549801, 554289, 554290, 554291, 549802, 549803, 558364, 558365, 558366, 558367, 558368, 558369, 556949, 556950, 556951, 552955, 552956, 556340, 556341, 558577, 550970, 558559, 551964, 551965, 551966, 552374, 557643
A10: 44263 | B10: 0 | C10: 0 | D10: =B10-C10 -> 0 | E10: 22 | K10: Handling Zwischenlager Block - Paletten labeln | L10: Direktanlieferung am 08.03.2021_1 PANPHARMA
A11: 44263 | B11: 22 | C11: 0 | D11: =B11-C11 -> 22 | K11: 558964, 558965, 558966, 558967, 558968, 558969, 558970, 558971, 558972, 558973, 558974, 558975, 558976, 558977, 558978, 558979, 558980, 558981, 558982, 558983, 558984, 558985 | L11: Einlagerung aus Direktanlieferung am 08.03.2021_1 PANPHARMA
A12: 44265 | B12: 6 | C12: 6 | D12: =B12-C12 -> 0 | E12: 6 | K12: Musterzug aus 558984, 558985, 558964, 558965, 558966, 558967
A13: 44265 | B13: 0 | C13: 25 | D13: =B13-C13 -> -25 | K13: 555494, 555495, 556646, 556647, 556648, 556649, 556650, 556651, 556652, 556653, 556654, 556655, 556656, 556657, 556658, 556659, 558567, 558568, 556952, 556953, 556955, 558578, 555441, 555442, 555443
A14: 44265 | B14: 0 | C14: 2 | D14: =B14-C14 -> -2 | K14: 554069, 554070 | L14: SONDERFAHRT 2021/53-1
A15: 44265 | B15: 8 | C15: 0 | D15: =B15-C15 -> 8 | K15: 559026, 559027, 559028, 559029, 559030, 559031, 559032, 559033
A16: 44270 | B16: 0 | C16: 5 | D16: =B16-C16 -> -5 | K16: 556661, 556662, 558169, 558170, 554071
A17: 44270 | B17: 2 | C17: 0 | D17: =B17-C17 -> 2 | K17: 559136, 559137
A18: 44273 | B18: 0 | C18: 15 | D18: =B18-C18 -> -15 | K18: 000080, 554292, 554293, 554294, 554295, 554296, 557194, 557195, 552375, 552380, 557767, 555926, 555927, 552935, 556328 | L18: SONDERFAHRT 2021/60-1
A19: 44279 | B19: 0 | C19: 2 | D19: =B19-C19 -> -2 | K19: 554304, 554305 | L19: SONDERFAHRT 2021/66-1
A20: 44279 | B20: 10 | C20: 0 | D20: =B20-C20 -> 10 | K20: 557776, 557777, 557778, 557782, 557783, 557784, 557786, 557788, 557790, 000092
A21: 44280 | B21: 0 | C21: 0 | D21: =B21-C21 -> 0 | E21: 27 | K21: Handling Zwischenlager Block - Paletten labeln | L21: Direktanlieferung am 25.03.2021_1 PANPHARMA
A22: 44280 | B22: 0 | C22: =7+9+8 -> 24 | D22: =B22-C22 -> -24 | K22: 554306, 557946, 557947, 557768, 557769, 559136, 559137, 556663, 556664, 556665, 556666, 556667, 556668, 556669, 558295, 558296, 558171, 558172, 558173, 558174, 558175, 558176, 558177, 558178
A23: 44281 | B23: 0 | C23: 0 | D23: =B23-C23 -> 0 | E23: 23 | K23: Handling Zwischenlager Block - Paletten labeln | L23: Direktanlieferung am 26.03.2021_1 PANPHARMA (davon 1Pal. A-B-C)
A24: 44281 | B24: 27 | C24: 0 | D24: =B24-C24 -> 27 | K24: 559731, 559732, 559733, 559734, 559735, 559736, 559737, 559738, 559739, 559740, 559741, 559742, 559743, 559744, 559745, 559746, 559747, 559748, 559749, 559750, 559751, 559752, 559753, 559754, 559755, 559756, 559757 | L24: Einlagerung aus Direktanlieferung am 25.03.2021_1 PANPHARMA
A25: 44281 | B25: 23 | C25: 0 | D25: =B25-C25 -> 23 | K25: 559810, 559811, 559812, 559813, 559814, 559815, 559816, 559817, 559818, 559819, 559821-A, 559821-B, 559821-C, 559823, 559824, 559825, 559826, 559827, 559828, 559829, 559830, 559831, 559832 | L25: Einlagerung aus Direktanlieferung am 26.03.2021_1 PANPHARMA
A26: 44284 | B26: 0 | C26: 7 | D26: =B26-C26 -> -7 | K26: 556329, 556330, 556331, 556332, 559821-A, 559821-B, 559821-C | L26: SONDERFAHRT 2021/68-1
A27: 44285 | B27: 0 | C27: 3 | D27: =B27-C27 -> -3 | K27: 558569, 558570, 558571 | L27: SONDERFAHRT 2021/68-2
A28: 44286 | B28: 9 | C28: 9 | D28: =B28-C28 -> 0 | K28: 532600, 532601, 532602, 532603, 532604, 532605, 532606, 532607, 532608 bereitgestellte Paletten nach Auftragsstorno wieder eingelagert
A29: 44286 | B29: 0 | C29: 12 | D29: =B29-C29 -> -12 | K29: 559823, 548558, 558572, 558573, 558579, 558580, 559810, 559811, 523119, 558654, 557644, 557645
A30: 44286 | B30: 5 | C30: 0 | D30: =B30-C30 -> 5 | K30: 559929, 559930, 559931, 559932, 559933
D31: =B31-C31 -> 0
D32: =B32-C32 -> 0
D33: =B33-C33 -> 0
D34: =B34-C34 -> 0
D35: =B35-C35 -> 0
D36: =B36-C36 -> 0
D37: =B37-C37 -> 0
D38: =B38-C38 -> 0
D39: =B39-C39 -> 0
D40: =B40-C40 -> 0
D41: =B41-C41 -> 0
D42: =B42-C42 -> 0
... D44: =B44-C44 -> 0

Sheet 04.21
A1: Panpharma Lager | J1: Kontingent: | K1: =288+132+36+36+102 -> 594
F2: Übertrag aus Vormonat: | J2: Verfügbar: | K2: =K1-F6 -> 151
F3: ='03.21'!F6 -> 529
A4: Datum | B4: Ein- lagerung | C4: Aus- lagerung | D4: Zu- / Abgang | E4: Extra Handling | F4: Lagerbestand ist | G4: Bewegung Einlagerung | H4: Bewegung Auslagerung | J4: Summe Bewegungen | K4: EB-Nummer(n)
L5: Traffic Bewegungen : Kontingent
F6: =SUM(D:D)+F3 -> 443 | G6: =SUM(B:B) -> 92 | H6: =SUM(C:C) -> 178 | J6: =SUM(G6:H6)+SUM(E:E) -> 325 | L6: =J6/K1 -> 0.54713805
A7: 44287 | B7: 0 | C7: 2 | D7: =B7-C7 -> -2 | K7: 558371, 558372 | L7: SONDERFAHRT 2021/75-1
A8: 44292 | B8: 0 | C8: 10 | D8: =B8-C8 -> -10 | K8: 558538, 558539, 558373, 558374, 558375, 558376, 558377, 558378, 558379, 558380
A9: 44292 | B9: 0 | C9: 0 | D9: =B9-C9 -> 0 | E9: 12 | K9: Handling Zwischenlager Block - Paletten labeln | L9: Direktanlieferung am 06.04.2021_1 PANPHARMA (Paletten getauscht!)
A10: 44292 | B10: 12 | C10: 0 | D10: =B10-C10 -> 12 | K10: 560092, 560093, 560094, 560095, 560096, 560097, 560098, 560099, 560100, 560101, 560102, 560103 | L10: Einlagerung aus Direktanlieferung am 06.04.2021_1 PANPHARMA
A11: 44293 | B11: 0 | C11: 1 | D11: =B11-C11 -> -1 | K11: 558560 | L11: SONDERFAHRT 2021/80-1
A12: 44294 | B12: 0 | C12: 0 | D12: =B12-C12 -> 0 | E12: 13 | K12: Handling Zwischenlager Block - Paletten labeln | L12: Direktanlieferung am 08.04.2021_1 PANPHARMA (Paletten getauscht!)
A13: 44294 | B13: 13 | C13: 0 | D13: =B13-C13 -> 13 | K13: 560210, 560211, 560212, 560213, 560214, 560215, 560216, 560217, 560218, 560219, 560220, 560221, 560222 | L13: Einlagerung aus Direktanlieferung am 08.04.2021_1 PANPHARMA
A14: 44294 | B14: 0 | C14: 0 | D14: =B14-C14 -> 0 | E14: 8 | K14: Handling Zwischenlager Block - Paletten labeln | L14: Direktanlieferung am 08.04.2021_2 PANPHARMA (Paletten getauscht!)
A15: 44295 | B15: 0 | C15: 41 | D15: =B15-C15 -> -41 | K15: 559026, 559027, 557010, 557011, 557012, 554021, 554022, 554023, 554024, 554025, 554026, 554307, 554308, 554309, 558964, 558965, 558966, 558967, 558968, 558969, 558970, 558971, 558972, 558973, 558974, 558975, 558976, 558977, 558978, 558979, 558980, 558981, 558982, 558983, 558984, 558985, 556333, 556334, 556335, 557196, 000092
A16: 44295 | B16: 6 | C16: 0 | D16: =B16-C16 -> 6 | K16: 510161, 510162, 510163, 510164, 000092, 000118
A17: 44295 | B17: 8 | C17: 0 | D17: =B17-C17 -> 8 | K17: 560242, 560244, 560245, 560246, 560247, 560248, 560249, 560250 | L17: Einlagerung aus Direktanlieferung am 08.04.2021_2 PANPHARMA (Paletten getauscht!)
A18: 44299 | B18: 0 | C18: 4 | D18: =B18-C18 -> -4 | K18: 555456, 555457, 555458, 555459 | L18: SONDERFAHRT 2021/89-1
A19: 44300 | B19: 0 | C19: 1 | D19: =B19-C19 -> -1 | K19: 94 | L19: SONDERFAHRT 2021/89-2
A20: 44301 | B20: 0 | C20: 0 | D20: =B20-C20 -> 0 | E20: 12 | K20: Handling Zwischenlager Block - Paletten labeln | L20: Direktanlieferung am 15.04.2021_1 PANPHARMA
A21: 44302 | B21: 0 | C21: 21 | D21: =B21-C21 -> -21 | K21: 554072, 557017, 557018, 532600, 532601, 532602, 532603, 532604, 532605, 532606, 532607, 532608, 532609, 532610, 532611, 532612, 559812, 559824, 558551, 558552, 557197
A22: 44302 | B22: 12 | C22: 0 | D22: =B22-C22 -> 12 | K22: 560574, 560575, 560576, 560577, 560578, 560579, 560580, 560581, 560582, 560583, 560584, 560585 | L22: Einlagerung aus Direktanlieferung am 15.04.2021_1 PANPHARMA
A23: 44302 | B23: 15 | C23: 0 | D23: =B23-C23 -> 15 | K23: 560662, 560663, 560664, 560665, 560666, 560658, 560659, 560660, 560661, 560596, 560598, 560606, 560608, 560609, 560611
A24: 44305 | B24: 0 | C24: 5 | D24: =B24-C24 -> -5 | K24: 558256, 558257, 558258, 558259, 558260 | L24: SONDERFAHRT 2021/93-1
A25: 44306 | B25: 0 | C25: 10 | D25: =B25-C25 -> -10 | E25: 10 | K25: 549883, 549884, 549885, 549886, 549887, 549888, 548460, 548461, 548462, 548463 | L25: Ausgelagert zur Änderung der EB-Nummern; EB-Nummern geändert
A26: 44306 | B26: 10 | C26: 0 | D26: =B26-C26 -> 10 | K26: 560772, 560778, 506779, 560780, 560781, 506782, 560771, 560774, 506775, 560776 | L26: erneuerte EB-Nummern wieder eingelagert
A27: 44308 | B27: 0 | C27: 35 | D27: =B27-C27 -> -35 | K27: 558297, 558298, 558299, 558300, 553314, 553315, 553316, 553317, 557019, 557020, 557948, 557949, 557950, 557951, 557952, 557953, 557954, 557955, 558370, 558381, 558382, 558383, 558384, 558385, 558386, 558655, 558656, 558657, 557655, 552381, 552382, 560658, 560659, 557770, 552936
A28: 44308 | B28: 4 | C28: 0 | D28: =B28-C28 -> 4 | K28: 560863, 506864, 560866, 560867
A29: 44308 | B29: 0 | C29: 1 | D29: =B29-C29 -> -1 | K29: 65 | L29: SONDERFAHRT 2021/93-2
A30: 44313 | B30: 12 | C30: 0 | D30: =B30-C30 -> 12 | K30: 561107, 561108, 561109, 561110, 561111, 561112, 561113, 560294, 558678, 558677, 558676, 000065
A31: 44314 | B31: 0 | C31: 4 | D31: =B31-C31 -> -4 | K31: 555395, 555396, 557771, 557772 | L31: SONDERFAHRT 2021/98-1
A32: 44315 | B32: 0 | C32: 37 | D32: =B32-C32 -> -37 | K32: 558179, 558180, 558181, 558182, 558183, 558184, 558185, 558186, 558187, 558188, 558189, 558190, 558192, 559929, 557198, 557199, 559813, 552937, 555928, 559825, 559826, 559827, 559731, 529830, 556077, 556078, 556079, 556080, 558301, 558302, 558303, 558304, 558305, 553392, 553393, 557021, 557022
A33: 44316 | B33: 0 | C33: 3 | D33: =B33-C33 -> -3 | K33: 559732, 559733, 559734
A34: 44316 | B34: 0 | C34: 3 | D34: =B34-C34 -> -3 | K34: 552398, 552939, 552940 | L34: SONDERFAHRT 2021/98-2
D35: =B35-C35 -> 0
D36: =B36-C36 -> 0
D37: =B37-C37 -> 0
D38: =B38-C38 -> 0
D39: =B39-C39 -> 0
D40: =B40-C40 -> 0
D41: =B41-C41 -> 0
D42: =B42-C42 -> 0
D43: =B43-C43 -> 0
D44: =B44-C44 -> 0

Sheet 05.21
A1: Panpharma Lager | J1: Kontingent: | K1: =288+132+36+36+102 -> 594
